name_main,name_sub,cosine_similarity,prob_similarity,status,shared_anchors,intensity_skew
MassSpecGymID0226552,MassSpecGymID0238499,0.0,0.4775571227073669,Missed,1.0,0.8532026197013742
MassSpecGymID0075035,MassSpecGymID0078833,0.0,0.8804859519004822,Caught,4.0,0.47372532908575926
MassSpecGymID0075036,MassSpecGymID0078839,0.0,0.931542992591858,Caught,2.0,0.8324814043054048
MassSpecGymID0075034,MassSpecGymID0078831,0.0,0.8535997271537781,Caught,5.0,0.5117135449292614
MassSpecGymID0075025,MassSpecGymID0078833,0.0,0.8715115189552307,Caught,4.0,0.47631812844515475
MassSpecGymID0075033,MassSpecGymID0078829,0.0,0.8746997117996216,Caught,4.0,0.33830646046939206
MassSpecGymID0075028,MassSpecGymID0078837,0.0,0.9345163106918336,Caught,5.0,0.5153047536882632
MassSpecGymID0217294,MassSpecGymID0218248,0.0,0.9341565370559692,Caught,4.0,0.5729903458894139
MassSpecGymID0217293,MassSpecGymID0218250,0.0,0.9222657084465028,Caught,2.0,0.4496639038546371
MassSpecGymID0040191,MassSpecGymID0225656,0.0,0.2007541358470916,Missed,1.0,0.8376890241513892
MassSpecGymID0215504,MassSpecGymID0233891,0.0,0.2831961810588836,Missed,1.0,0.8633127599221072
MassSpecGymID0228293,MassSpecGymID0233425,0.0,0.4564310908317566,Missed,2.0,0.7239044280016338
MassSpecGymID0040206,MassSpecGymID0225656,0.0,0.2007541358470916,Missed,1.0,0.8364383487525531
MassSpecGymID0075026,MassSpecGymID0078836,0.0,0.9050326943397522,Caught,4.0,0.34110719661454186
MassSpecGymID0203970,MassSpecGymID0236285,0.0,0.2926491498947143,Missed,3.0,0.8585470369750484
MassSpecGymID0075037,MassSpecGymID0078840,0.0,0.869967520236969,Caught,2.0,0.7815874068720108
MassSpecGymID0075025,MassSpecGymID0078838,0.0,0.8799877166748047,Caught,4.0,0.4757983540766089
MassSpecGymID0075026,MassSpecGymID0078829,0.0,0.8986042141914368,Caught,4.0,0.34148585847715157
MassSpecGymID0075037,MassSpecGymID0078832,0.0,0.8638355135917664,Caught,2.0,0.7818254754095008
MassSpecGymID0075036,MassSpecGymID0078830,0.0,0.8564357757568359,Caught,2.0,0.8330502373867684
MassSpecGymID0203970,MassSpecGymID0230063,0.0,0.6291549205780029,Caught,3.0,0.8399437379056411
MassSpecGymID0075024,MassSpecGymID0078835,0.0,0.957513391971588,Caught,4.0,0.4025112408816395
MassSpecGymID0004901,MassSpecGymID0060719,0.0,0.2050837129354477,Missed,4.0,0.548745545646944
MassSpecGymID0229309,MassSpecGymID0230733,0.0,0.5021348595619202,Caught,3.0,0.7022746255791747
MassSpecGymID0004889,MassSpecGymID0060731,0.0,0.6596838235855103,Caught,2.0,0.9115748794671704
MassSpecGymID0075020,MassSpecGymID0078830,0.0,0.8660716414451599,Caught,2.0,0.8344156024720366
MassSpecGymID0004905,MassSpecGymID0060728,0.0,0.203344851732254,Missed,2.0,0.8279146520372556
MassSpecGymID0075024,MassSpecGymID0078834,0.0,0.9631680250167848,Caught,4.0,0.40295243440045647
MassSpecGymID0079022,MassSpecGymID0214283,0.0,0.2359252721071243,Missed,1.0,0.7927262576683023
MassSpecGymID0218249,MassSpecGymID0222803,0.0,0.1741157323122024,Missed,2.0,0.6197387751326213
MassSpecGymID0075035,MassSpecGymID0078838,0.0,0.8829152584075928,Caught,4.0,0.4732055547172134
MassSpecGymID0004892,MassSpecGymID0060729,0.0,0.1618884205818176,Missed,4.0,0.34901293262392674
MassSpecGymID0075034,MassSpecGymID0078837,0.0,0.9500023126602172,Caught,5.0,0.5112220103136834
MassSpecGymID0004892,MassSpecGymID0060716,0.0,0.6834152936935425,Caught,4.0,0.3320922009166097
MassSpecGymID0075020,MassSpecGymID0078839,0.0,0.9237158298492432,Caught,2.0,0.833846769390673
MassSpecGymID0004890,MassSpecGymID0060727,0.0,0.1323581337928772,Missed,3.0,0.5444431053750247
MassSpecGymID0075028,MassSpecGymID0078831,0.0,0.8888649940490723,Caught,5.0,0.5157962883038412
MassSpecGymID0075033,MassSpecGymID0078836,0.0,0.902072250843048,Caught,4.0,0.33792779860678235
MassSpecGymID0109548,MassSpecGymID0169765,0.9999692492223484,0.9254107475280762,Caught,3.0,0.1921364044832843
MassSpecGymID0109540,MassSpecGymID0110019,0.9999692492223484,0.8983628749847412,Caught,4.0,0.7197257282382801
MassSpecGymID0109544,MassSpecGymID0110015,0.9999692492223484,0.9074297547340392,Caught,4.0,0.6606459618765297
MassSpecGymID0109543,MassSpecGymID0110015,0.9999692492223484,0.9378731846809388,Caught,3.0,0.55896198509153
MassSpecGymID0109557,MassSpecGymID0169758,0.9999692492223484,0.9097993969917296,Caught,3.0,0.7432411165844923
MassSpecGymID0109536,MassSpecGymID0110013,0.9999692492223484,0.9117687344551086,Caught,3.0,0.20361800475655004
MassSpecGymID0109551,MassSpecGymID0169768,0.9999692492223484,0.9314712285995485,Caught,3.0,0.5555727028611995
MassSpecGymID0109549,MassSpecGymID0169758,0.9999692492223484,0.9064069986343384,Caught,4.0,0.763690441476643
MassSpecGymID0109536,MassSpecGymID0110016,0.9999692492223484,0.8983628749847412,Caught,4.0,0.21524468513167033
MassSpecGymID0109556,MassSpecGymID0169757,0.9999692492223484,0.92285817861557,Caught,4.0,0.20905594252554938
MassSpecGymID0109544,MassSpecGymID0110021,0.9999692492223484,0.8752894997596741,Caught,4.0,0.7488591628301858
MassSpecGymID0109556,MassSpecGymID0169761,0.9999692492223484,0.9305804967880248,Caught,3.0,0.22068549360366885
MassSpecGymID0109547,MassSpecGymID0110014,0.9999692492223484,0.9295982122421264,Caught,3.0,0.20522160020739477
MassSpecGymID0109552,MassSpecGymID0169757,0.9999692492223484,0.9314058423042296,Caught,3.0,0.2169382041288746
MassSpecGymID0109553,MassSpecGymID0169762,0.9999692492223484,0.886634886264801,Caught,4.0,0.7199262133794087
MassSpecGymID0109556,MassSpecGymID0169765,0.9999692492223484,0.9005601406097412,Caught,4.0,0.19745503145105103
MassSpecGymID0109540,MassSpecGymID0110021,0.9999692492223484,0.9345083832740784,Caught,3.0,0.7421692151338897
MassSpecGymID0109537,MassSpecGymID0110019,0.9999692492223484,0.942039668560028,Caught,4.0,0.6210953775238366
MassSpecGymID0109552,MassSpecGymID0169765,0.9999692492223484,0.933105766773224,Caught,3.0,0.20533729305437626
MassSpecGymID0109546,MassSpecGymID0110018,0.9999692492223484,0.8972794413566589,Caught,3.0,0.6555613811321896
MassSpecGymID0109542,MassSpecGymID0110021,0.9999692492223484,0.8983628749847412,Caught,4.0,0.728399659332317
MassSpecGymID0109547,MassSpecGymID0110016,0.9999692492223484,0.9111559391021729,Caught,3.0,0.22844524998061996
MassSpecGymID0109542,MassSpecGymID0110018,0.9999692492223484,0.8972794413566589,Caught,3.0,0.7430503634360747
MassSpecGymID0109536,MassSpecGymID0110014,0.9999692492223484,0.8983628749847412,Caught,3.0,0.19202103535844517
MassSpecGymID0109548,MassSpecGymID0169761,0.9999692492223484,0.9170750975608826,Caught,4.0,0.21536686663590215
MassSpecGymID0109557,MassSpecGymID0169766,0.9999692492223484,0.9468588829040528,Caught,4.0,0.7285975466037002
MassSpecGymID0109548,MassSpecGymID0169757,0.9999692492223484,0.9408833384513856,Caught,3.0,0.20373731555778268
MassSpecGymID0109539,MassSpecGymID0110013,0.9999692492223484,0.8886767029762268,Caught,4.0,0.2089363335288233
MassSpecGymID0109549,MassSpecGymID0169766,0.9999692492223484,0.9496394991874696,Caught,4.0,0.7490468714958511
MassSpecGymID0109557,MassSpecGymID0169762,0.9999692492223484,0.930724024772644,Caught,5.0,0.7061633237451217
MassSpecGymID0109537,MassSpecGymID0110021,0.9999692492223484,0.933968186378479,Caught,3.0,0.6435388644194464
MassSpecGymID0109553,MassSpecGymID0169766,0.9999692492223484,0.9468588829040528,Caught,3.0,0.7423604362379872
MassSpecGymID0109537,MassSpecGymID0110018,0.9999692492223484,0.914996862411499,Caught,3.0,0.6581895685232041
MassSpecGymID0109549,MassSpecGymID0169762,0.9999692492223484,0.9201608896255492,Caught,5.0,0.7266126486372725
MassSpecGymID0109543,MassSpecGymID0110024,0.9999692492223484,0.8983628749847412,Caught,3.0,0.5652054990086599
MassSpecGymID0109544,MassSpecGymID0110019,0.9999692492223484,0.914996862411499,Caught,5.0,0.7264156759345761
MassSpecGymID0109553,MassSpecGymID0169758,0.9999692492223484,0.9409062266349792,Caught,4.0,0.7570040062187793
MassSpecGymID0109542,MassSpecGymID0110019,0.9999692492223484,0.9185345768928528,Caught,5.0,0.7059561724367072
MassSpecGymID0109544,MassSpecGymID0110018,0.9999692492223484,0.9335086941719056,Caught,4.0,0.7635098669339435
MassSpecGymID0109543,MassSpecGymID0110019,0.9999692492223484,0.8947059512138367,Caught,3.0,0.6247316991495764
MassSpecGymID0109543,MassSpecGymID0110018,0.9999692492223484,0.9140720963478088,Caught,3.0,0.6618258901489438
MassSpecGymID0109555,MassSpecGymID0169768,0.9999692492223484,0.9164478182792664,Caught,3.0,0.5529448094732885
MassSpecGymID0109537,MassSpecGymID0110020,0.9999692492223484,0.8983628749847412,Caught,3.0,0.5468911479405226
MassSpecGymID0109551,MassSpecGymID0169764,0.9999692492223484,0.9352849125862122,Caught,3.0,0.5471389287028753
MassSpecGymID0109540,MassSpecGymID0110018,0.9999692492223484,0.9335086941719056,Caught,4.0,0.7568199192376475
MassSpecGymID0109546,MassSpecGymID0110024,0.9999692492223484,0.9173499941825868,Caught,4.0,0.5589409899919057
MassSpecGymID0109542,MassSpecGymID0110020,0.9999692492223484,0.9173499941825868,Caught,4.0,0.6317519428533932
MassSpecGymID0109559,MassSpecGymID0169768,0.9999692492223484,0.9193615913391112,Caught,3.0,0.5592085721343102
MassSpecGymID0114767,MassSpecGymID0122558,0.9999204218663796,0.7390730977058411,Caught,3.0,0.13035816449278345
MassSpecGymID0114782,MassSpecGymID0122580,0.9999204218663796,0.7794830799102783,Caught,4.0,0.2694693218396537
MassSpecGymID0114780,MassSpecGymID0122578,0.9999204218663796,0.8469253182411194,Caught,5.0,0.23272776273228574
MassSpecGymID0114772,MassSpecGymID0122559,0.9999204218663796,0.8144897818565369,Caught,4.0,0.12224660452485689
MassSpecGymID0114784,MassSpecGymID0122574,0.9999204218663796,0.8404003977775574,Caught,5.0,0.23157853681367435
MassSpecGymID0114769,MassSpecGymID0122560,0.9999204218663796,0.7316502928733826,Caught,5.0,0.22907274571990097
MassSpecGymID0114782,MassSpecGymID0122576,0.9999204218663796,0.8208956718444824,Caught,4.0,0.26736088339893593
MassSpecGymID0114775,MassSpecGymID0122569,0.9999204218663796,0.8574571013450623,Caught,4.0,0.16514518580489587
MassSpecGymID0114779,MassSpecGymID0122573,0.9999204218663796,0.7764987945556641,Caught,3.0,0.12823414645035486
MassSpecGymID0122562,MassSpecGymID0136394,0.9999204218663796,0.6768174171447754,Caught,3.0,0.24067134905450882
MassSpecGymID0114778,MassSpecGymID0122580,0.9999204218663796,0.7098015546798706,Caught,4.0,0.27521460461074665
MassSpecGymID0114766,MassSpecGymID0122560,0.9999204218663796,0.7360566258430481,Caught,3.0,0.24900803042759745
MassSpecGymID0114763,MassSpecGymID0122563,0.9999204218663796,0.8379983305931091,Caught,4.0,0.2794997411024609
MassSpecGymID0114769,MassSpecGymID0122563,0.9999204218663796,0.7039796710014343,Caught,3.0,0.2494097674889036
MassSpecGymID0114771,MassSpecGymID0122568,0.9999204218663796,0.7266103029251099,Caught,5.0,0.24713688015250168
MassSpecGymID0114769,MassSpecGymID0122568,0.9999204218663796,0.7079799175262451,Caught,5.0,0.23630637230836624
MassSpecGymID0114774,MassSpecGymID0122184,0.9999204218663796,0.820602536201477,Caught,4.0,0.2751261499681122
MassSpecGymID0114766,MassSpecGymID0122563,0.9999204218663796,0.7482753396034241,Caught,4.0,0.2693450521966001
MassSpecGymID0114784,MassSpecGymID0122570,0.9999204218663796,0.7764869928359985,Caught,5.0,0.2243158479851048
MassSpecGymID0114768,MassSpecGymID0122559,0.9999204218663796,0.7446973919868469,Caught,4.0,0.16504562176574647
MassSpecGymID0114764,MassSpecGymID0122568,0.9999204218663796,0.7385119199752808,Caught,5.0,0.2314257384180014
MassSpecGymID0114786,MassSpecGymID0122580,0.9999204218663796,0.7436018586158752,Caught,4.0,0.2796226295334676
MassSpecGymID0114774,MassSpecGymID0122563,0.9999204218663796,0.8150510191917419,Caught,4.0,0.2750910151580617
MassSpecGymID0114774,MassSpecGymID0122564,0.9999204218663796,0.8150510191917419,Caught,4.0,0.2846572339263627
MassSpecGymID0114776,MassSpecGymID0122578,0.9999204218663796,0.9045010805130004,Caught,5.0,0.24355849614108313
MassSpecGymID0114786,MassSpecGymID0122576,0.9999204218663796,0.7498589754104614,Caught,4.0,0.27751419109274983
MassSpecGymID0114766,MassSpecGymID0122568,0.9999204218663796,0.8841911554336548,Caught,3.0,0.2562416570160627
MassSpecGymID0114771,MassSpecGymID0122563,0.9999204218663796,0.8150510191917419,Caught,3.0,0.26024027533303906
MassSpecGymID0114784,MassSpecGymID0122578,0.9999204218663796,0.8546029329299927,Caught,5.0,0.2278467202969751
MassSpecGymID0114771,MassSpecGymID0122562,0.9999204218663796,0.8235771656036377,Caught,5.0,0.24340704144282427
MassSpecGymID0122557,MassSpecGymID0136393,0.9999204218663796,0.7131075859069824,Caught,4.0,0.27747781644995556
MassSpecGymID0114771,MassSpecGymID0122557,0.9999204218663796,0.8261083364486694,Caught,3.0,0.2581317282904234
MassSpecGymID0114772,MassSpecGymID0122567,0.9999204218663796,0.7471480369567871,Caught,3.0,0.11694245583662496
MassSpecGymID0114783,MassSpecGymID0122569,0.9999204218663796,0.7746003270149231,Caught,4.0,0.12233862427370096
MassSpecGymID0114778,MassSpecGymID0122572,0.9999204218663796,0.8437482118606567,Caught,4.0,0.28477988376212104
MassSpecGymID0114764,MassSpecGymID0122562,0.9999204218663796,0.7438443303108215,Caught,5.0,0.227695899708324
MassSpecGymID0122563,MassSpecGymID0136393,0.9999204218663796,0.7131075859069824,Caught,4.0,0.27958636349257115
MassSpecGymID0114776,MassSpecGymID0122574,0.9999204218663796,0.7808771133422852,Caught,5.0,0.24729031265778237
MassSpecGymID0114764,MassSpecGymID0122560,0.9999204218663796,0.8184560537338257,Caught,5.0,0.22419211182953613
MassSpecGymID0114771,MassSpecGymID0122560,0.9999204218663796,0.7703128457069397,Caught,5.0,0.2399032535640364
MassSpecGymID0122560,MassSpecGymID0136394,0.9999204218663796,0.8269901871681213,Caught,3.0,0.23716756117572096
MassSpecGymID0114764,MassSpecGymID0122185,0.9999204218663796,0.8263213634490967,Caught,3.0,0.22808614083473758
MassSpecGymID0114771,MassSpecGymID0122564,0.9999204218663796,0.7604402303695679,Caught,3.0,0.26980649410134006
MassSpecGymID0114769,MassSpecGymID0122562,0.9999204218663796,0.735366702079773,Caught,5.0,0.23257653359868882
MassSpecGymID0114780,MassSpecGymID0122570,0.9999204218663796,0.7744786739349365,Caught,5.0,0.2291968904204154
MassSpecGymID0122568,MassSpecGymID0136393,0.9999204218663796,0.8242132663726807,Caught,3.0,0.26648296831203383
MassSpecGymID0114780,MassSpecGymID0122574,0.9999204218663796,0.7941728234291077,Caught,5.0,0.23645957924898497
MassSpecGymID0114772,MassSpecGymID0122558,0.9999204218663796,0.8252580165863037,Caught,3.0,0.11914474309969689
MassSpecGymID0114776,MassSpecGymID0122570,0.9999204218663796,0.8785140514373779,Caught,5.0,0.2400276238292128
MassSpecGymID0114763,MassSpecGymID0122557,0.9999204218663796,0.771842896938324,Caught,4.0,0.27739119405984525
MassSpecGymID0114764,MassSpecGymID0122184,0.9999204218663796,0.8248169422149658,Caught,3.0,0.24456426840858925
MassSpecGymID0114774,MassSpecGymID0122557,0.9999204218663796,0.8841911554336548,Caught,4.0,0.27298246811544613
MassSpecGymID0029502,MassSpecGymID0039738,0.9983453285452312,0.8728489875793457,Caught,5.0,0.4340153211804692
MassSpecGymID0029511,MassSpecGymID0039739,0.9983453285452312,0.6194729208946228,Caught,5.0,0.6781248702662357
MassSpecGymID0029509,MassSpecGymID0039728,0.9983453285452312,0.6821480393409729,Caught,5.0,0.27691706326331234
MassSpecGymID0029506,MassSpecGymID0039735,0.9983453285452312,0.7951841950416565,Caught,4.0,0.8598759575658448
MassSpecGymID0029507,MassSpecGymID0039735,0.9983453285452312,0.7900084853172302,Caught,4.0,0.8596649429487264
MassSpecGymID0029502,MassSpecGymID0039729,0.9983453285452312,0.6214282512664795,Caught,5.0,0.434915106660862
MassSpecGymID0029505,MassSpecGymID0039737,0.9983453285452312,0.3545416891574859,Missed,5.0,0.27691706326331234
MassSpecGymID0029507,MassSpecGymID0039734,0.9983453285452312,0.4990490972995758,Missed,4.0,0.8604175540553634
MassSpecGymID0029510,MassSpecGymID0039729,0.9983453285452312,0.356594830751419,Missed,5.0,0.4340153211804692
MassSpecGymID0029506,MassSpecGymID0039734,0.9983453285452312,0.9334694147109984,Caught,4.0,0.8606285686724817
MassSpecGymID0029510,MassSpecGymID0039738,0.9983453285452312,0.7282876968383789,Caught,5.0,0.4331155357000764
MassSpecGymID0029501,MassSpecGymID0039732,0.9983453285452312,0.6809679269790649,Caught,5.0,0.6805177111716622
MassSpecGymID0029501,MassSpecGymID0039739,0.9983453285452312,0.6194729208946228,Caught,5.0,0.679321290718949
MassSpecGymID0029505,MassSpecGymID0039728,0.9983453285452312,0.5320931673049927,Caught,5.0,0.27734591893392563
MassSpecGymID0029509,MassSpecGymID0039737,0.9983453285452312,0.9042259454727172,Caught,5.0,0.27648820759269904
MassSpecGymID0029511,MassSpecGymID0039732,0.9983453285452312,0.8796141147613525,Caught,5.0,0.679321290718949
MassSpecGymID0005537,MassSpecGymID0060731,0.0019614964615425,0.8465814590454102,Caught,2.0,0.8907677802169758
MassSpecGymID0005552,MassSpecGymID0060729,0.0019614964615425,0.3488810956478119,Missed,4.0,0.3364319571803016
MassSpecGymID0005549,MassSpecGymID0060719,0.0019614964615425,0.1537942886352539,Missed,3.0,0.5322336451781375
MassSpecGymID0005541,MassSpecGymID0060727,0.0019614964615425,0.8765466809272766,Caught,3.0,0.4986300391388946
MassSpecGymID0005839,MassSpecGymID0008637,0.0031632672587338,0.481332004070282,Missed,3.0,0.23817502364853788
MassSpecGymID0222233,MassSpecGymID0227728,0.9966403349232686,0.4097611308097839,Missed,2.0,0.7952226017368138
MassSpecGymID0222232,MassSpecGymID0227730,0.9966403349232686,0.2621001899242401,Missed,4.0,0.7574105182404793
MassSpecGymID0222234,MassSpecGymID0227731,0.9966403349232686,0.3720329105854034,Missed,4.0,0.912728979044956
MassSpecGymID0075032,MassSpecGymID0078912,0.0033950512467556,0.35213702917099,Missed,3.0,0.35300668886327896
MassSpecGymID0075033,MassSpecGymID0078907,0.0033950512467556,0.8681865930557251,Caught,3.0,0.39557415063915
MassSpecGymID0075035,MassSpecGymID0078915,0.0033950512467556,0.5072150826454163,Caught,2.0,0.5051121052252239
MassSpecGymID0075032,MassSpecGymID0078909,0.0033950512467556,0.6073306798934937,Caught,3.0,0.3531866567301917
MassSpecGymID0075028,MassSpecGymID0078908,0.0033950512467556,0.6615819931030273,Caught,3.0,0.4737196765498652
MassSpecGymID0075021,MassSpecGymID0078917,0.0033950512467556,0.5529956817626953,Caught,1.0,0.7808154953411767
MassSpecGymID0075021,MassSpecGymID0078910,0.0033950512467556,0.4859889149665832,Missed,1.0,0.7810850908161843
MassSpecGymID0075034,MassSpecGymID0078914,0.0033950512467556,0.3569583296775818,Missed,3.0,0.4692761383951706
MassSpecGymID0075020,MassSpecGymID0078911,0.0033950512467556,0.8155001401901245,Caught,1.0,0.8289447708094844
MassSpecGymID0075036,MassSpecGymID0078911,0.0033950512467556,0.4533153474330902,Missed,1.0,0.8275794057242161
MassSpecGymID0075025,MassSpecGymID0078906,0.0033950512467556,0.574694037437439,Caught,2.0,0.5082436255419207
MassSpecGymID0075028,MassSpecGymID0078914,0.0033950512467556,0.7982345223426819,Caught,3.0,0.4733588817697504
MassSpecGymID0075034,MassSpecGymID0078908,0.0033950512467556,0.6734787225723267,Caught,3.0,0.4696369331752854
MassSpecGymID0206485,MassSpecGymID0213141,0.0034158647676757,0.310572862625122,Missed,2.0,0.6700928249595852
MassSpecGymID0002934,MassSpecGymID0003941,0.9955922125190112,0.6403059959411621,Caught,4.0,0.892371384253009
MassSpecGymID0002931,MassSpecGymID0003946,0.9955922125190112,0.9043911695480348,Caught,2.0,0.32016871730641716
MassSpecGymID0002930,MassSpecGymID0003945,0.9955922125190112,0.9010797142982484,Caught,3.0,0.6898309569097436
MassSpecGymID0002935,MassSpecGymID0003944,0.9955922125190112,0.7241424918174744,Caught,3.0,0.9713287010777084
MassSpecGymID0002932,MassSpecGymID0003947,0.9955922125190112,0.8408195972442627,Caught,3.0,0.10474135392912141
MassSpecGymID0215945,MassSpecGymID0217648,0.9953542284051176,0.9354615211486816,Caught,3.0,0.36810136841654584
MassSpecGymID0215944,MassSpecGymID0217647,0.9953542284051176,0.9282041788101196,Caught,4.0,0.23013796071695738
MassSpecGymID0215946,MassSpecGymID0217649,0.9953542284051176,0.9497802257537842,Caught,4.0,0.31486302691163354
MassSpecGymID0029502,MassSpecGymID0067624,0.9949583808459443,0.171436607837677,Missed,3.0,0.3614977829599413
MassSpecGymID0029510,MassSpecGymID0067621,0.9949583808459443,0.1856769323348999,Missed,3.0,0.3663328802938163
MassSpecGymID0039738,MassSpecGymID0067621,0.9946621065814952,0.1375899463891983,Missed,3.0,0.3663328802938163
MassSpecGymID0230063,MassSpecGymID0236285,0.9933930747887996,0.3226601183414459,Missed,3.0,0.8951811391816094
MassSpecGymID0211759,MassSpecGymID0236826,0.0093137721006353,0.8112220764160156,Caught,1.0,0.7530171865691346
MassSpecGymID0141586,MassSpecGymID0141635,0.9905915447152068,0.6254674196243286,Caught,4.0,0.8650719605943586
MassSpecGymID0141585,MassSpecGymID0141635,0.9905915447152068,0.5693161487579346,Caught,4.0,0.8656551881611367
MassSpecGymID0141586,MassSpecGymID0141634,0.9905915447152068,0.53825443983078,Caught,4.0,0.8658983946313428
MassSpecGymID0141585,MassSpecGymID0141634,0.9905915447152068,0.5433000326156616,Caught,4.0,0.8664816221981209
MassSpecGymID0225313,MassSpecGymID0228871,0.9903403348681652,0.9458641409873962,Caught,5.0,0.924612537878612
MassSpecGymID0221619,MassSpecGymID0233758,0.009672716325023,0.3388882577419281,Missed,2.0,0.24841487325168865
MassSpecGymID0232805,MassSpecGymID0238198,0.9899299187502384,0.5451092720031738,Caught,3.0,0.9073726343134246
MassSpecGymID0216872,MassSpecGymID0224849,0.9889368368288722,0.5631513595581055,Caught,3.0,0.83452758575027
MassSpecGymID0067786,MassSpecGymID0068433,0.9824807677949664,0.6866244673728943,Caught,2.0,0.9972382761467745
MassSpecGymID0067783,MassSpecGymID0068435,0.9824807677949664,0.642397403717041,Caught,2.0,0.9972654790426316
MassSpecGymID0067786,MassSpecGymID0068435,0.9824807677949664,0.7278551459312439,Caught,2.0,0.996999762176431
MassSpecGymID0067786,MassSpecGymID0068432,0.9824807677949664,0.7557341456413269,Caught,2.0,0.9972382761467745
MassSpecGymID0067783,MassSpecGymID0068433,0.9824807677949664,0.8138700127601624,Caught,2.0,0.997503993012975
MassSpecGymID0067783,MassSpecGymID0068432,0.9824807677949664,0.8179671168327332,Caught,2.0,0.997503993012975
MassSpecGymID0067786,MassSpecGymID0068434,0.9824807677949664,0.8138700127601624,Caught,2.0,0.9965806373083288
MassSpecGymID0067783,MassSpecGymID0068434,0.9824807677949664,0.8138700127601624,Caught,2.0,0.9968463541745293
MassSpecGymID0049399,MassSpecGymID0052620,0.0178996664394789,0.086769089102745,Missed,3.0,0.21674211167231003
MassSpecGymID0049402,MassSpecGymID0052629,0.0178996664394789,0.0939460322260856,Missed,3.0,0.1962465095063304
MassSpecGymID0216256,MassSpecGymID0217468,0.9817627782234468,0.924058437347412,Caught,5.0,0.8961789699982066
MassSpecGymID0216257,MassSpecGymID0217469,0.9817627782234468,0.8786600828170776,Caught,5.0,0.8935954535676267
MassSpecGymID0216255,MassSpecGymID0217467,0.9817627782234468,0.3822085559368133,Missed,5.0,0.6527548249560189
MassSpecGymID0234321,MassSpecGymID0234863,0.0225232635087916,0.2766430974006653,Missed,3.0,0.6835607237507628
MassSpecGymID0224022,MassSpecGymID0230824,0.0228433549285558,0.6603116393089294,Caught,3.0,0.4303951892350285
MassSpecGymID0224050,MassSpecGymID0228311,0.0228433549285558,0.4901657402515411,Missed,3.0,0.4293285456626036
MassSpecGymID0216684,MassSpecGymID0216918,0.974753968815552,0.9525735974311828,Caught,4.0,0.6880082085336665
MassSpecGymID0216686,MassSpecGymID0216920,0.974753968815552,0.9265844225883484,Caught,3.0,0.5598871940152759
MassSpecGymID0216685,MassSpecGymID0216919,0.974753968815552,0.9526403546333312,Caught,3.0,0.6145194519414616
MassSpecGymID0020225,MassSpecGymID0021850,0.0261964560031565,0.3659510016441345,Missed,3.0,0.4632811461735079
MassSpecGymID0020228,MassSpecGymID0021853,0.0261964560031565,0.4638261795043945,Missed,2.0,0.4621370723317574
MassSpecGymID0208156,MassSpecGymID0229825,0.0263105578295731,0.6204835772514343,Caught,1.0,0.8111032542755696
MassSpecGymID0191883,MassSpecGymID0237459,0.0303480530430752,0.3465550243854522,Missed,4.0,0.07180440686791266
MassSpecGymID0078835,MassSpecGymID0079018,0.0314935348347641,0.7975368499755859,Caught,3.0,0.305288692301509
MassSpecGymID0078834,MassSpecGymID0079014,0.0314935348347641,0.9248562455177308,Caught,3.0,0.30601896865793154
MassSpecGymID0234615,MassSpecGymID0238198,0.9677999317820408,0.3033744692802429,Missed,3.0,0.9480454895051826
MassSpecGymID0049408,MassSpecGymID0053185,0.0324828868619579,0.7573797106742859,Caught,4.0,0.20693253716056415
MassSpecGymID0049402,MassSpecGymID0053187,0.0324828868619579,0.831935465335846,Caught,3.0,0.17354679352817087
MassSpecGymID0049403,MassSpecGymID0053192,0.0324828868619579,0.4797964096069336,Missed,2.0,0.19919127421111021
MassSpecGymID0049412,MassSpecGymID0053190,0.0324828868619579,0.6491732001304626,Caught,4.0,0.27232589450416056
MassSpecGymID0049413,MassSpecGymID0053188,0.0324828868619579,0.7534172534942627,Caught,4.0,0.26238176867448637
MassSpecGymID0049399,MassSpecGymID0053189,0.0324828868619579,0.831179678440094,Caught,3.0,0.20166348575195475
MassSpecGymID0049401,MassSpecGymID0053195,0.0324828868619579,0.6737593412399292,Caught,3.0,0.6484540722000584
MassSpecGymID0049406,MassSpecGymID0053186,0.0324828868619579,0.3837524354457855,Missed,1.0,0.7410035408745881
MassSpecGymID0049409,MassSpecGymID0053183,0.0324828868619579,0.3756164610385895,Missed,3.0,0.2546241362656958
MassSpecGymID0049401,MassSpecGymID0053186,0.0324828868619579,0.6709460020065308,Caught,2.0,0.6919683017154532
MassSpecGymID0049405,MassSpecGymID0053184,0.0324828868619579,0.8135592937469482,Caught,3.0,0.5734298705863156
MassSpecGymID0049400,MassSpecGymID0053191,0.0324828868619579,0.3182294964790344,Missed,4.0,0.2015140712675832
MassSpecGymID0216159,MassSpecGymID0218258,0.9654017380881436,0.9110751748085022,Caught,3.0,0.6576097949599166
MassSpecGymID0216160,MassSpecGymID0218259,0.9654017380881436,0.9474671483039856,Caught,2.0,0.5557302275098528
MassSpecGymID0233424,MassSpecGymID0238534,0.0349743125535896,0.0592737831175327,Missed,2.0,0.5052725433794281
MassSpecGymID0232803,MassSpecGymID0234613,0.9649333965885332,0.6818321347236633,Caught,4.0,0.7362816202879983
MassSpecGymID0232805,MassSpecGymID0234615,0.9649333965885332,0.7086049318313599,Caught,3.0,0.92937215489671
MassSpecGymID0232804,MassSpecGymID0234614,0.9649333965885332,0.5094747543334961,Caught,4.0,0.9504704816463831
MassSpecGymID0060728,MassSpecGymID0064545,0.0354518144907241,0.3612395524978637,Missed,2.0,0.7302152896032565
MassSpecGymID0227096,MassSpecGymID0227553,0.9635663986131404,0.7175964117050171,Caught,2.0,0.4655055178904616
MassSpecGymID0227095,MassSpecGymID0227554,0.9635663986131404,0.6821045875549316,Caught,3.0,0.6463544986537131
MassSpecGymID0207468,MassSpecGymID0224849,0.9614218623243352,0.4648654758930206,Missed,3.0,0.8394635371184875
MassSpecGymID0208819,MassSpecGymID0214719,0.0386197221842699,0.2081924378871917,Missed,1.0,0.8057181219619041
MassSpecGymID0217000,MassSpecGymID0217114,0.9612941889917742,0.9019372463226318,Caught,5.0,0.8180708019444345
MassSpecGymID0214012,MassSpecGymID0237454,0.0394676817547187,0.4689019918441772,Missed,2.0,0.6991147478738302
MassSpecGymID0052629,MassSpecGymID0059269,0.0411156815274744,0.3013031184673309,Missed,3.0,0.2546515350645705
MassSpecGymID0217570,MassSpecGymID0218317,0.958266185965686,0.4745003283023834,Missed,4.0,0.5277537714498496
MassSpecGymID0227731,MassSpecGymID0230735,0.9577263823768108,0.3226663470268249,Missed,4.0,0.8047293522964274
MassSpecGymID0227729,MassSpecGymID0230734,0.9577263823768108,0.2013009488582611,Missed,4.0,0.9312656106862087
MassSpecGymID0227730,MassSpecGymID0230733,0.9577263823768108,0.1871930360794067,Missed,4.0,0.8007391036526617
MassSpecGymID0207468,MassSpecGymID0216872,0.9574802597893124,0.8575061559677124,Caught,2.0,0.8358665105013907
MassSpecGymID0219363,MassSpecGymID0231059,0.0436548961857423,0.4658862054347992,Missed,1.0,0.8101217961256383
MassSpecGymID0227730,MassSpecGymID0234032,0.9537556337206704,0.2883808016777038,Missed,2.0,0.5637380411654094
MassSpecGymID0117888,MassSpecGymID0119389,0.0478701505863191,0.6078156232833862,Caught,1.0,0.8188698435192446
MassSpecGymID0117877,MassSpecGymID0119387,0.0478701505863191,0.6657716035842896,Caught,1.0,0.7717660142348755
MassSpecGymID0170138,MassSpecGymID0170176,0.0478701505863191,0.6606082320213318,Caught,1.0,0.8109921828644866
MassSpecGymID0170134,MassSpecGymID0170172,0.0478701505863191,0.673566997051239,Caught,1.0,0.7826200998557368
MassSpecGymID0170142,MassSpecGymID0170176,0.0478701505863191,0.673566997051239,Caught,1.0,0.819009769829442
MassSpecGymID0117888,MassSpecGymID0119387,0.0478701505863191,0.6858453750610352,Caught,1.0,0.81084873985019
MassSpecGymID0170138,MassSpecGymID0170172,0.0478701505863191,0.6941508650779724,Caught,1.0,0.7719385102267787
MassSpecGymID0222234,MassSpecGymID0230735,0.952058313457653,0.4809101521968841,Missed,4.0,0.8294535005951043
MassSpecGymID0218686,MassSpecGymID0218733,0.951688135540907,0.8748049736022949,Caught,2.0,0.7050129379132938
MassSpecGymID0218687,MassSpecGymID0218734,0.951688135540907,0.9156434535980223,Caught,1.0,0.8526405343908838
MassSpecGymID0182478,MassSpecGymID0237517,0.0493812937675115,0.6039699912071228,Caught,3.0,0.8018280387814485
MassSpecGymID0220854,MassSpecGymID0237311,0.9488782722784588,0.5616214871406555,Caught,4.0,0.8927774731490274
MassSpecGymID0220853,MassSpecGymID0237310,0.9488782722784588,0.4976051747798919,Missed,5.0,0.953939724033233
MassSpecGymID0220852,MassSpecGymID0237309,0.9488782722784588,0.3593370616436004,Missed,5.0,0.8144555505522693
MassSpecGymID0021844,MassSpecGymID0023743,0.9464467859218868,0.6692584156990051,Caught,2.0,0.8356543201723612
MassSpecGymID0021863,MassSpecGymID0023743,0.9464467859218868,0.7120128870010376,Caught,2.0,0.8357346914128152
MassSpecGymID0021846,MassSpecGymID0023743,0.9464467859218868,0.7516217231750488,Caught,1.0,0.7031020397258201
MassSpecGymID0021840,MassSpecGymID0023785,0.9464467859218868,0.5387460589408875,Caught,2.0,0.8102168129225485
MassSpecGymID0021843,MassSpecGymID0023778,0.9464467859218868,0.7903311252593994,Caught,2.0,0.7112032543945813
MassSpecGymID0021840,MassSpecGymID0023746,0.9464467859218868,0.7572197914123535,Caught,2.0,0.8113785043678101
MassSpecGymID0021862,MassSpecGymID0023778,0.9464467859218868,0.7556806206703186,Caught,2.0,0.7107410135870849
MassSpecGymID0021844,MassSpecGymID0023739,0.9464467859218868,0.7325525283813477,Caught,2.0,0.8216623387274933
MassSpecGymID0021863,MassSpecGymID0023779,0.9464467859218868,0.7902501225471497,Caught,2.0,0.8209890302946524
MassSpecGymID0021844,MassSpecGymID0023784,0.9464467859218868,0.7681490182876587,Caught,2.0,0.8347939259316308
MassSpecGymID0053183,MassSpecGymID0059264,0.0549221652715873,0.2060565799474716,Missed,3.0,0.23490614963897977
MassSpecGymID0053190,MassSpecGymID0059260,0.0549221652715873,0.7578460574150085,Caught,4.0,0.2878939831648155
MassSpecGymID0053185,MassSpecGymID0059259,0.0549221652715873,0.2744519412517547,Missed,2.0,0.21044322919813885
MassSpecGymID0053193,MassSpecGymID0059270,0.0549221652715873,0.322412371635437,Missed,4.0,0.24306407354484644
MassSpecGymID0206351,MassSpecGymID0221529,0.9435533161542324,0.4652765691280365,Missed,1.0,0.9405703232427677
MassSpecGymID0216158,MassSpecGymID0217702,0.9397924517699876,0.9242883324623108,Caught,4.0,0.34801889342267833
MassSpecGymID0005541,MassSpecGymID0059267,0.0638693691842588,0.2437965720891952,Missed,2.0,0.38102410655741914
MassSpecGymID0211603,MassSpecGymID0211607,0.0642438960276954,0.417959988117218,Missed,5.0,0.3756037830813032
MassSpecGymID0211602,MassSpecGymID0211606,0.0642438960276954,0.1636291146278381,Missed,5.0,0.3192226290537283
MassSpecGymID0211600,MassSpecGymID0211604,0.0642438960276954,0.3581856787204742,Missed,5.0,0.39375504498651387
MassSpecGymID0211601,MassSpecGymID0211605,0.0642438960276954,0.3062965273857116,Missed,5.0,0.32264933824620734
MassSpecGymID0216159,MassSpecGymID0217667,0.9334850979935232,0.952987551689148,Caught,2.0,0.5520360522264902
MassSpecGymID0228048,MassSpecGymID0231721,0.93276549245313,0.8477869629859924,Caught,4.0,0.09462514248352505
MassSpecGymID0217114,MassSpecGymID0217265,0.9326803106021898,0.7299332022666931,Caught,3.0,0.8125062787036181
MassSpecGymID0227502,MassSpecGymID0234034,0.9315871076856524,0.8074036836624146,Caught,5.0,0.45732211850684923
MassSpecGymID0227500,MassSpecGymID0234032,0.9315871076856524,0.7728067636489868,Caught,5.0,0.32556133389356834
MassSpecGymID0222569,MassSpecGymID0222667,0.0705275209548502,0.751776933670044,Caught,4.0,0.38368021407367575
MassSpecGymID0216240,MassSpecGymID0217847,0.9290210825958266,0.9445974230766296,Caught,5.0,0.36100218460864686
MassSpecGymID0216242,MassSpecGymID0217849,0.9290210825958266,0.9517408013343812,Caught,5.0,0.35379338667505034
MassSpecGymID0216241,MassSpecGymID0217848,0.9290210825958266,0.9499304890632628,Caught,5.0,0.4728458705065848
MassSpecGymID0004894,MassSpecGymID0005547,0.9275466018057328,0.6603376865386963,Caught,2.0,0.8539216338064801
MassSpecGymID0004898,MassSpecGymID0005546,0.9275466018057328,0.8889678120613098,Caught,4.0,0.34198094392737916
MassSpecGymID0004904,MassSpecGymID0005538,0.9275466018057328,0.564882218837738,Caught,4.0,0.4509454578942801
MassSpecGymID0004905,MassSpecGymID0005536,0.9275466018057328,0.8303583264350891,Caught,4.0,0.6824486916205763
MassSpecGymID0004901,MassSpecGymID0005549,0.9275466018057328,0.8876150846481323,Caught,4.0,0.5478948791922107
MassSpecGymID0004900,MassSpecGymID0005544,0.9275466018057328,0.8948023915290833,Caught,3.0,0.5127077840494546
MassSpecGymID0004897,MassSpecGymID0005540,0.9275466018057328,0.8851233720779419,Caught,3.0,0.5506451563807021
MassSpecGymID0004889,MassSpecGymID0005537,0.9275466018057328,0.8842528462409973,Caught,2.0,0.8258030702413308
MassSpecGymID0004892,MassSpecGymID0005552,0.9275466018057328,0.9003024101257324,Caught,3.0,0.3470302556578869
MassSpecGymID0004890,MassSpecGymID0005541,0.9275466018057328,0.7602871656417847,Caught,4.0,0.5286550188702529
MassSpecGymID0004895,MassSpecGymID0005542,0.9275466018057328,0.7485315799713135,Caught,1.0,0.7386941907564253
MassSpecGymID0018680,MassSpecGymID0021843,0.9261669480344148,0.769744873046875,Caught,3.0,0.8242641537155544
MassSpecGymID0018677,MassSpecGymID0021844,0.9261669480344148,0.79938805103302,Caught,2.0,0.8972235852471544
MassSpecGymID0018679,MassSpecGymID0021864,0.9261669480344148,0.7206548452377319,Caught,2.0,0.879266805429487
MassSpecGymID0018695,MassSpecGymID0021840,0.9261669480344148,0.799130380153656,Caught,2.0,0.8788454520767317
MassSpecGymID0018677,MassSpecGymID0021863,0.9261669480344148,0.7556309103965759,Caught,2.0,0.8973039564876084
MassSpecGymID0018695,MassSpecGymID0021864,0.9261669480344148,0.7518959641456604,Caught,2.0,0.87849000558942
MassSpecGymID0018694,MassSpecGymID0021855,0.9261669480344148,0.7944797277450562,Caught,1.0,0.7435957880724755
MassSpecGymID0018693,MassSpecGymID0021862,0.9261669480344148,0.7091176509857178,Caught,3.0,0.8222808037030049
MassSpecGymID0018693,MassSpecGymID0021843,0.9261669480344148,0.7591569423675537,Caught,3.0,0.8227430445105013
MassSpecGymID0018694,MassSpecGymID0021844,0.9261669480344148,0.781806468963623,Caught,2.0,0.8959306599951959
MassSpecGymID0018680,MassSpecGymID0021856,0.9261669480344148,0.7478736042976379,Caught,1.0,0.695627729381795
MassSpecGymID0018679,MassSpecGymID0021840,0.9261669480344148,0.7612892389297485,Caught,2.0,0.8796222519167987
MassSpecGymID0018694,MassSpecGymID0021863,0.9261669480344148,0.7803090810775757,Caught,2.0,0.8960110312356498
MassSpecGymID0018680,MassSpecGymID0021862,0.9261669480344148,0.7736889123916626,Caught,3.0,0.8238019129080578
MassSpecGymID0018694,MassSpecGymID0021846,0.9261669480344148,0.6807103753089905,Caught,1.0,0.7633783795486546
MassSpecGymID0005838,MassSpecGymID0059267,0.0746929096916457,0.7740623354911804,Caught,3.0,0.24498287707580077
MassSpecGymID0222307,MassSpecGymID0224291,0.9244347840678346,0.8634070158004761,Caught,2.0,0.40919146041309007
MassSpecGymID0216329,MassSpecGymID0218717,0.923126416600783,0.450836181640625,Missed,2.0,0.8893638173907641
MassSpecGymID0216330,MassSpecGymID0218718,0.923126416600783,0.4292841851711273,Missed,4.0,0.9328083832770544
MassSpecGymID0216328,MassSpecGymID0218716,0.923126416600783,0.4451180696487427,Missed,4.0,0.3520196221009304
MassSpecGymID0210486,MassSpecGymID0213559,0.9214025738614484,0.8112121224403381,Caught,3.0,0.8035664901455083
MassSpecGymID0231278,MassSpecGymID0238593,0.9208212195320404,0.4905737936496734,Missed,4.0,0.8906654551585607
MassSpecGymID0231280,MassSpecGymID0238594,0.9208212195320404,0.6417991518974304,Caught,2.0,0.9039766452658268
MassSpecGymID0004786,MassSpecGymID0141859,0.0800159886014602,0.1922679096460342,Missed,2.0,0.5276364769090492
MassSpecGymID0221715,MassSpecGymID0231105,0.9199326076430672,0.2955175340175628,Missed,2.0,0.8231377034411835
MassSpecGymID0003031,MassSpecGymID0049401,0.0814916501143403,0.4651684463024139,Missed,1.0,0.6279321938918464
MassSpecGymID0182478,MassSpecGymID0234596,0.9171401112902288,0.9549400806427002,Caught,4.0,0.8376099975504145
MassSpecGymID0182477,MassSpecGymID0234595,0.9171401112902288,0.9394924640655518,Caught,4.0,0.8085854024831924
MassSpecGymID0182479,MassSpecGymID0234597,0.9171401112902288,0.945008397102356,Caught,3.0,0.7413761042870987
MassSpecGymID0223776,MassSpecGymID0237811,0.0846237516777741,0.330777645111084,Missed,2.0,0.7675962874176226
MassSpecGymID0223781,MassSpecGymID0237813,0.0846237516777741,0.4674941301345825,Missed,2.0,0.6791296086432558
MassSpecGymID0223779,MassSpecGymID0237811,0.0846237516777741,0.3379095792770386,Missed,2.0,0.7675962874176226
MassSpecGymID0212470,MassSpecGymID0215828,0.9123970694754896,0.3106132447719574,Missed,2.0,0.6642665513967265
MassSpecGymID0081161,MassSpecGymID0143688,0.911312191387765,0.3847851157188415,Missed,3.0,0.612226353212334
MassSpecGymID0081162,MassSpecGymID0143689,0.911312191387765,0.5771370530128479,Caught,2.0,0.9114630852888581
MassSpecGymID0081162,MassSpecGymID0143692,0.911312191387765,0.5391532778739929,Caught,2.0,0.9114942401872747
MassSpecGymID0221715,MassSpecGymID0237388,0.905620763898953,0.6404841542243958,Caught,1.0,0.7740145086272205
MassSpecGymID0215834,MassSpecGymID0218867,0.8975273256782051,0.8123076558113098,Caught,2.0,0.5672186659171554
MassSpecGymID0224088,MassSpecGymID0236159,0.1046707697811401,0.8959431052207947,Caught,3.0,0.1947797028590078
MassSpecGymID0212470,MassSpecGymID0218168,0.8926599020283209,0.3100015521049499,Missed,2.0,0.8550461091373386
MassSpecGymID0204450,MassSpecGymID0206486,0.1079506782178921,0.4460696876049042,Missed,1.0,0.8305727616845426
MassSpecGymID0231105,MassSpecGymID0232886,0.8909640025784462,0.6868594884872437,Caught,2.0,0.7422898561166968
MassSpecGymID0000291,MassSpecGymID0000504,0.1107263977087076,0.9024341106414796,Caught,3.0,0.09712796963039155
MassSpecGymID0000295,MassSpecGymID0000503,0.1107263977087076,0.6869930624961853,Caught,4.0,0.13998469448660447
MassSpecGymID0000300,MassSpecGymID0000496,0.1107263977087076,0.8661100268363953,Caught,1.0,0.1502634847317046
MassSpecGymID0000304,MassSpecGymID0000502,0.1107263977087076,0.5684815645217896,Caught,4.0,0.12605721241926993
MassSpecGymID0000298,MassSpecGymID0000496,0.1107263977087076,0.9024339318275452,Caught,1.0,0.1510670317762038
MassSpecGymID0000305,MassSpecGymID0000499,0.1107263977087076,0.8857259750366211,Caught,3.0,0.10311973503991428
MassSpecGymID0000299,MassSpecGymID0000501,0.1107263977087076,0.869551420211792,Caught,3.0,0.09717630558910853
MassSpecGymID0000295,MassSpecGymID0000508,0.1107263977087076,0.544398844242096,Caught,4.0,0.139254791801919
MassSpecGymID0000303,MassSpecGymID0000503,0.1107263977087076,0.3541634976863861,Missed,4.0,0.13950681717099173
MassSpecGymID0000297,MassSpecGymID0000499,0.1107263977087076,0.8719873428344727,Caught,3.0,0.10349291009234998
MassSpecGymID0000294,MassSpecGymID0000509,0.1107263977087076,0.6156439781188965,Caught,4.0,0.12569005640434064
MassSpecGymID0222803,MassSpecGymID0229083,0.8877516750878811,0.1985358148813247,Missed,2.0,0.5969135702244166
MassSpecGymID0052629,MassSpecGymID0060720,0.1131019028303164,0.5717036128044128,Caught,2.0,0.38520328935819703
MassSpecGymID0190070,MassSpecGymID0193254,0.8852768375622948,0.9125444889068604,Caught,4.0,0.4149889832841355
MassSpecGymID0190073,MassSpecGymID0193257,0.8852768375622948,0.9117885828018188,Caught,5.0,0.37305751735493453
MassSpecGymID0190069,MassSpecGymID0193253,0.8852768375622948,0.5858534574508667,Caught,2.0,0.15873328764251105
MassSpecGymID0207862,MassSpecGymID0217330,0.8846436393884598,0.3239419162273407,Missed,5.0,0.7579017441894678
MassSpecGymID0217497,MassSpecGymID0221715,0.8824297740297794,0.3000830113887787,Missed,2.0,0.7830645650212132
MassSpecGymID0213012,MassSpecGymID0225623,0.8811886837677344,0.3167597949504852,Missed,0.0,0.9461183413742313
MassSpecGymID0213013,MassSpecGymID0225626,0.8811886837677344,0.3518191277980804,Missed,0.0,0.8968741638252069
MassSpecGymID0207856,MassSpecGymID0230733,0.8800151060435576,0.2927140593528747,Missed,4.0,0.7965598283398411
MassSpecGymID0207857,MassSpecGymID0230734,0.8800151060435576,0.4771293699741363,Missed,4.0,0.9113689155090945
MassSpecGymID0215834,MassSpecGymID0217265,0.8788642911423329,0.3685042858123779,Missed,2.0,0.6842440510175645
MassSpecGymID0204304,MassSpecGymID0207597,0.1212642262522882,0.0949537977576255,Missed,4.0,0.7729039895499499
MassSpecGymID0215771,MassSpecGymID0217518,0.1230512773212315,0.6570996642112732,Caught,4.0,0.3955198461898469
MassSpecGymID0005447,MassSpecGymID0008632,0.8762726450544929,0.772873044013977,Caught,4.0,0.30544037530266344
MassSpecGymID0005443,MassSpecGymID0008635,0.8762726450544929,0.7049301266670227,Caught,5.0,0.451182410209183
MassSpecGymID0005463,MassSpecGymID0008632,0.8762726450544929,0.7446033358573914,Caught,3.0,0.28853909124644
MassSpecGymID0005452,MassSpecGymID0008633,0.8762726450544929,0.655319094657898,Caught,5.0,0.17045188209948603
MassSpecGymID0005448,MassSpecGymID0008637,0.8762726450544929,0.6624352335929871,Caught,4.0,0.2626462803074051
MassSpecGymID0005462,MassSpecGymID0008634,0.8762726450544929,0.7477462291717529,Caught,4.0,0.3130285927528769
MassSpecGymID0005444,MassSpecGymID0008629,0.8762726450544929,0.5959885716438293,Caught,4.0,0.2440427464854087
MassSpecGymID0005470,MassSpecGymID0008629,0.8762726450544929,0.7568482756614685,Caught,3.0,0.22152764098389188
MassSpecGymID0005445,MassSpecGymID0008634,0.8762726450544929,0.6363702416419983,Caught,4.0,0.27801574607880564
MassSpecGymID0005446,MassSpecGymID0008631,0.8762726450544929,0.768498957157135,Caught,4.0,0.19095526450219352
MassSpecGymID0005449,MassSpecGymID0008630,0.8762726450544929,0.7531572580337524,Caught,4.0,0.2285405072652124
MassSpecGymID0005451,MassSpecGymID0008636,0.8762726450544929,0.784467339515686,Caught,4.0,0.9518837929707078
MassSpecGymID0005453,MassSpecGymID0008639,0.8762726450544929,0.7467408776283264,Caught,5.0,0.7597390772489514
MassSpecGymID0005450,MassSpecGymID0008628,0.8762726450544929,0.6934910416603088,Caught,5.0,0.909453781512605
MassSpecGymID0005442,MassSpecGymID0008638,0.8762726450544929,0.7172950506210327,Caught,4.0,0.27388151643502495
MassSpecGymID0063574,MassSpecGymID0064546,0.8714299183357624,0.8333910703659058,Caught,2.0,0.5819986925968296
MassSpecGymID0063575,MassSpecGymID0064546,0.8714299183357624,0.7081519365310669,Caught,2.0,0.571339338642916
MassSpecGymID0004792,MassSpecGymID0059258,0.1293716235459567,0.7001888155937195,Caught,1.0,0.9818715286162762
MassSpecGymID0004779,MassSpecGymID0059258,0.1293716235459567,0.730638325214386,Caught,1.0,0.9313170731707316
MassSpecGymID0018695,MassSpecGymID0023746,0.8686162552139625,0.7834810614585876,Caught,2.0,0.7966640280008923
MassSpecGymID0018693,MassSpecGymID0023778,0.8686162552139625,0.7146956324577332,Caught,2.0,0.6858987607047431
MassSpecGymID0018693,MassSpecGymID0023738,0.8686162552139625,0.7063015699386597,Caught,2.0,0.6641284146239341
MassSpecGymID0018679,MassSpecGymID0023746,0.8686162552139625,0.7373273372650146,Caught,2.0,0.7974408278409594
MassSpecGymID0018679,MassSpecGymID0023785,0.8686162552139625,0.7699694037437439,Caught,2.0,0.7962791363956978
MassSpecGymID0018679,MassSpecGymID0023747,0.8686162552139625,0.723775327205658,Caught,3.0,0.7883583019298495
MassSpecGymID0018693,MassSpecGymID0023783,0.8686162552139625,0.6869763731956482,Caught,2.0,0.663810391760079
MassSpecGymID0018679,MassSpecGymID0023780,0.8686162552139625,0.7457614541053772,Caught,3.0,0.7869120043195958
MassSpecGymID0217497,MassSpecGymID0231641,0.8677766195719663,0.9052109718322754,Caught,4.0,0.8042725716675581
MassSpecGymID0228246,MassSpecGymID0234034,0.1349990580974938,0.1097046583890914,Missed,2.0,0.4830118031145319
MassSpecGymID0215836,MassSpecGymID0217116,0.8634821304632972,0.9360352754592896,Caught,3.0,0.5372725696136705
MassSpecGymID0215835,MassSpecGymID0217115,0.8634821304632972,0.9537842869758606,Caught,4.0,0.6675848926142456
MassSpecGymID0215834,MassSpecGymID0220852,0.8614071323953958,0.1777779310941696,Missed,3.0,0.691719259625544
MassSpecGymID0208793,MassSpecGymID0231119,0.1394909871091834,0.226633533835411,Missed,1.0,0.8502588066586038
MassSpecGymID0208796,MassSpecGymID0231122,0.1394909871091834,0.3901639580726623,Missed,1.0,0.7535135306252172
MassSpecGymID0004794,MassSpecGymID0005443,0.8598915826428585,0.5691696405410767,Caught,3.0,0.5800590071356782
MassSpecGymID0004787,MassSpecGymID0005445,0.8598915826428585,0.3882574439048767,Missed,4.0,0.29915989438488216
MassSpecGymID0004783,MassSpecGymID0005453,0.8598915826428585,0.5526578426361084,Caught,3.0,0.7287661904055287
MassSpecGymID0004786,MassSpecGymID0005447,0.8598915826428585,0.5028799176216125,Caught,4.0,0.29458534180543383
MassSpecGymID0004792,MassSpecGymID0005450,0.8598915826428585,0.5408907532691956,Caught,2.0,0.9519720378631269
MassSpecGymID0004788,MassSpecGymID0005448,0.8598915826428585,0.3940377533435821,Missed,4.0,0.2991377935778699
MassSpecGymID0004782,MassSpecGymID0005452,0.8598915826428585,0.571867823600769,Caught,4.0,0.2028192242371686
MassSpecGymID0004785,MassSpecGymID0005443,0.8598915826428585,0.5416705012321472,Caught,4.0,0.4287370923691283
MassSpecGymID0004786,MassSpecGymID0005463,0.8598915826428585,0.5372991561889648,Caught,3.0,0.27768405774921034
MassSpecGymID0004779,MassSpecGymID0005450,0.8598915826428585,0.543821394443512,Caught,4.0,0.9014175824175824
MassSpecGymID0004793,MassSpecGymID0005470,0.8598915826428585,0.5086193084716797,Caught,3.0,0.3023386339836327
MassSpecGymID0004790,MassSpecGymID0005449,0.8598915826428585,0.6142279505729675,Caught,3.0,0.27341224116417845
MassSpecGymID0004784,MassSpecGymID0005444,0.8598915826428585,0.6213200092315674,Caught,4.0,0.3107280521324394
MassSpecGymID0004780,MassSpecGymID0005451,0.8598915826428585,0.542499303817749,Caught,3.0,0.9564755283984976
MassSpecGymID0004787,MassSpecGymID0005462,0.8598915826428585,0.5367757678031921,Caught,4.0,0.33417274105895345
MassSpecGymID0216291,MassSpecGymID0216763,0.1407395244095787,0.9108985662460328,Caught,2.0,0.1060689615640423
MassSpecGymID0232298,MassSpecGymID0234034,0.1440734581609878,0.1931211799383163,Missed,2.0,0.5370638732532587
MassSpecGymID0217267,MassSpecGymID0237311,0.855603015826461,0.6619137525558472,Caught,4.0,0.8912025036210907
MassSpecGymID0217265,MassSpecGymID0237309,0.855603015826461,0.6971094012260437,Caught,4.0,0.8069803419442898
MassSpecGymID0215580,MassSpecGymID0239027,0.8549381656785775,0.5897806286811829,Caught,2.0,0.799097868939896
MassSpecGymID0207853,MassSpecGymID0215834,0.8542921315125823,0.4908026158809662,Missed,5.0,0.40009677971287305
MassSpecGymID0228244,MassSpecGymID0232296,0.8534921802422333,0.1049316599965095,Missed,4.0,0.2959740723430683
MassSpecGymID0228246,MassSpecGymID0232298,0.8534921802422333,0.0854770541191101,Missed,4.0,0.5274988097477544
MassSpecGymID0207597,MassSpecGymID0209327,0.1465164094726512,0.113272987306118,Missed,4.0,0.6888371045120911
MassSpecGymID0204364,MassSpecGymID0210486,0.8533162236818723,0.8052433133125305,Caught,2.0,0.7331063447632719
MassSpecGymID0216684,MassSpecGymID0237309,0.8530911297389677,0.5783425569534302,Caught,2.0,0.7960783082708841
MassSpecGymID0231105,MassSpecGymID0231641,0.8530408800612962,0.2208865880966186,Missed,4.0,0.8443457100875285
MassSpecGymID0219466,MassSpecGymID0224466,0.8523800982725536,0.8790642023086548,Caught,4.0,0.07951398764544676
MassSpecGymID0219454,MassSpecGymID0224466,0.8523800982725536,0.9196613430976868,Caught,4.0,0.08200987799011836
