name_main,name_sub,cosine_similarity,prob_similarity,true_label,status,shared_loss_count
MassSpecGymID0226552,MassSpecGymID0238499,0.0,0.4775571227073669,1.0,Missed,0
MassSpecGymID0075035,MassSpecGymID0078833,0.0,0.8804859519004822,1.0,Caught,1
MassSpecGymID0075036,MassSpecGymID0078839,0.0,0.931542992591858,1.0,Caught,2
MassSpecGymID0075034,MassSpecGymID0078831,0.0,0.8535997271537781,1.0,Caught,1
MassSpecGymID0075025,MassSpecGymID0078833,0.0,0.8715115189552307,1.0,Caught,1
MassSpecGymID0075033,MassSpecGymID0078829,0.0,0.8746997117996216,1.0,Caught,1
MassSpecGymID0075028,MassSpecGymID0078837,0.0,0.9345163106918336,1.0,Caught,1
MassSpecGymID0217294,MassSpecGymID0218248,0.0,0.9341565370559692,1.0,Caught,3
MassSpecGymID0217293,MassSpecGymID0218250,0.0,0.9222657084465028,1.0,Caught,3
MassSpecGymID0040191,MassSpecGymID0225656,0.0,0.2007541358470916,1.0,Missed,0
MassSpecGymID0215504,MassSpecGymID0233891,0.0,0.2831961810588836,1.0,Missed,0
MassSpecGymID0228293,MassSpecGymID0233425,0.0,0.4564310908317566,1.0,Missed,0
MassSpecGymID0040206,MassSpecGymID0225656,0.0,0.2007541358470916,1.0,Missed,0
MassSpecGymID0075026,MassSpecGymID0078836,0.0,0.9050326943397522,1.0,Caught,1
MassSpecGymID0203970,MassSpecGymID0236285,0.0,0.2926491498947143,1.0,Missed,3
MassSpecGymID0075037,MassSpecGymID0078840,0.0,0.869967520236969,1.0,Caught,1
MassSpecGymID0075025,MassSpecGymID0078838,0.0,0.8799877166748047,1.0,Caught,1
MassSpecGymID0075026,MassSpecGymID0078829,0.0,0.8986042141914368,1.0,Caught,1
MassSpecGymID0075037,MassSpecGymID0078832,0.0,0.8638355135917664,1.0,Caught,1
MassSpecGymID0075036,MassSpecGymID0078830,0.0,0.8564357757568359,1.0,Caught,2
MassSpecGymID0203970,MassSpecGymID0230063,0.0,0.6291549205780029,1.0,Caught,3
MassSpecGymID0075024,MassSpecGymID0078835,0.0,0.957513391971588,1.0,Caught,1
MassSpecGymID0004901,MassSpecGymID0060719,0.0,0.2050837129354477,1.0,Missed,0
MassSpecGymID0229309,MassSpecGymID0230733,0.0,0.5021348595619202,1.0,Caught,0
MassSpecGymID0004889,MassSpecGymID0060731,0.0,0.6596838235855103,1.0,Caught,0
MassSpecGymID0075020,MassSpecGymID0078830,0.0,0.8660716414451599,1.0,Caught,2
MassSpecGymID0004905,MassSpecGymID0060728,0.0,0.203344851732254,1.0,Missed,0
MassSpecGymID0075024,MassSpecGymID0078834,0.0,0.9631680250167848,1.0,Caught,1
MassSpecGymID0079022,MassSpecGymID0214283,0.0,0.2359252721071243,1.0,Missed,0
MassSpecGymID0218249,MassSpecGymID0222803,0.0,0.1741157323122024,1.0,Missed,0
MassSpecGymID0075035,MassSpecGymID0078838,0.0,0.8829152584075928,1.0,Caught,1
MassSpecGymID0004892,MassSpecGymID0060729,0.0,0.1618884205818176,1.0,Missed,0
MassSpecGymID0075034,MassSpecGymID0078837,0.0,0.9500023126602172,1.0,Caught,1
MassSpecGymID0004892,MassSpecGymID0060716,0.0,0.6834152936935425,1.0,Caught,0
MassSpecGymID0075020,MassSpecGymID0078839,0.0,0.9237158298492432,1.0,Caught,2
MassSpecGymID0004890,MassSpecGymID0060727,0.0,0.1323581337928772,1.0,Missed,0
MassSpecGymID0075028,MassSpecGymID0078831,0.0,0.8888649940490723,1.0,Caught,1
MassSpecGymID0075033,MassSpecGymID0078836,0.0,0.902072250843048,1.0,Caught,1
MassSpecGymID0109548,MassSpecGymID0169765,0.9999692492223484,0.9254107475280762,1.0,Caught,1
MassSpecGymID0109540,MassSpecGymID0110019,0.9999692492223484,0.8983628749847412,1.0,Caught,0
MassSpecGymID0109544,MassSpecGymID0110015,0.9999692492223484,0.9074297547340392,1.0,Caught,0
MassSpecGymID0109543,MassSpecGymID0110015,0.9999692492223484,0.9378731846809388,1.0,Caught,0
MassSpecGymID0109557,MassSpecGymID0169758,0.9999692492223484,0.9097993969917296,1.0,Caught,0
MassSpecGymID0109536,MassSpecGymID0110013,0.9999692492223484,0.9117687344551086,1.0,Caught,1
MassSpecGymID0109551,MassSpecGymID0169768,0.9999692492223484,0.9314712285995485,1.0,Caught,1
MassSpecGymID0109549,MassSpecGymID0169758,0.9999692492223484,0.9064069986343384,1.0,Caught,0
MassSpecGymID0109536,MassSpecGymID0110016,0.9999692492223484,0.8983628749847412,1.0,Caught,1
MassSpecGymID0109556,MassSpecGymID0169757,0.9999692492223484,0.92285817861557,1.0,Caught,1
MassSpecGymID0109544,MassSpecGymID0110021,0.9999692492223484,0.8752894997596741,1.0,Caught,0
MassSpecGymID0109556,MassSpecGymID0169761,0.9999692492223484,0.9305804967880248,1.0,Caught,1
MassSpecGymID0109547,MassSpecGymID0110014,0.9999692492223484,0.9295982122421264,1.0,Caught,1
MassSpecGymID0109552,MassSpecGymID0169757,0.9999692492223484,0.9314058423042296,1.0,Caught,1
MassSpecGymID0109553,MassSpecGymID0169762,0.9999692492223484,0.886634886264801,1.0,Caught,0
MassSpecGymID0109556,MassSpecGymID0169765,0.9999692492223484,0.9005601406097412,1.0,Caught,1
MassSpecGymID0109540,MassSpecGymID0110021,0.9999692492223484,0.9345083832740784,1.0,Caught,0
MassSpecGymID0109537,MassSpecGymID0110019,0.9999692492223484,0.942039668560028,1.0,Caught,0
MassSpecGymID0109552,MassSpecGymID0169765,0.9999692492223484,0.933105766773224,1.0,Caught,1
MassSpecGymID0109546,MassSpecGymID0110018,0.9999692492223484,0.8972794413566589,1.0,Caught,0
MassSpecGymID0109542,MassSpecGymID0110021,0.9999692492223484,0.8983628749847412,1.0,Caught,0
MassSpecGymID0109547,MassSpecGymID0110016,0.9999692492223484,0.9111559391021729,1.0,Caught,1
MassSpecGymID0109542,MassSpecGymID0110018,0.9999692492223484,0.8972794413566589,1.0,Caught,0
MassSpecGymID0109536,MassSpecGymID0110014,0.9999692492223484,0.8983628749847412,1.0,Caught,1
MassSpecGymID0109548,MassSpecGymID0169761,0.9999692492223484,0.9170750975608826,1.0,Caught,1
MassSpecGymID0109557,MassSpecGymID0169766,0.9999692492223484,0.9468588829040528,1.0,Caught,0
MassSpecGymID0109548,MassSpecGymID0169757,0.9999692492223484,0.9408833384513856,1.0,Caught,1
MassSpecGymID0109539,MassSpecGymID0110013,0.9999692492223484,0.8886767029762268,1.0,Caught,1
MassSpecGymID0109549,MassSpecGymID0169766,0.9999692492223484,0.9496394991874696,1.0,Caught,0
MassSpecGymID0109557,MassSpecGymID0169762,0.9999692492223484,0.930724024772644,1.0,Caught,0
MassSpecGymID0109537,MassSpecGymID0110021,0.9999692492223484,0.933968186378479,1.0,Caught,0
MassSpecGymID0109553,MassSpecGymID0169766,0.9999692492223484,0.9468588829040528,1.0,Caught,0
MassSpecGymID0109537,MassSpecGymID0110018,0.9999692492223484,0.914996862411499,1.0,Caught,0
MassSpecGymID0109549,MassSpecGymID0169762,0.9999692492223484,0.9201608896255492,1.0,Caught,0
MassSpecGymID0109543,MassSpecGymID0110024,0.9999692492223484,0.8983628749847412,1.0,Caught,0
MassSpecGymID0109544,MassSpecGymID0110019,0.9999692492223484,0.914996862411499,1.0,Caught,0
MassSpecGymID0109553,MassSpecGymID0169758,0.9999692492223484,0.9409062266349792,1.0,Caught,0
MassSpecGymID0109542,MassSpecGymID0110019,0.9999692492223484,0.9185345768928528,1.0,Caught,0
MassSpecGymID0109544,MassSpecGymID0110018,0.9999692492223484,0.9335086941719056,1.0,Caught,0
MassSpecGymID0109543,MassSpecGymID0110019,0.9999692492223484,0.8947059512138367,1.0,Caught,0
MassSpecGymID0109543,MassSpecGymID0110018,0.9999692492223484,0.9140720963478088,1.0,Caught,0
MassSpecGymID0109555,MassSpecGymID0169768,0.9999692492223484,0.9164478182792664,1.0,Caught,0
MassSpecGymID0109537,MassSpecGymID0110020,0.9999692492223484,0.8983628749847412,1.0,Caught,0
MassSpecGymID0109551,MassSpecGymID0169764,0.9999692492223484,0.9352849125862122,1.0,Caught,0
MassSpecGymID0109540,MassSpecGymID0110018,0.9999692492223484,0.9335086941719056,1.0,Caught,0
MassSpecGymID0109546,MassSpecGymID0110024,0.9999692492223484,0.9173499941825868,1.0,Caught,0
MassSpecGymID0109542,MassSpecGymID0110020,0.9999692492223484,0.9173499941825868,1.0,Caught,0
MassSpecGymID0109559,MassSpecGymID0169768,0.9999692492223484,0.9193615913391112,1.0,Caught,0
MassSpecGymID0114767,MassSpecGymID0122558,0.9999204218663796,0.7390730977058411,1.0,Caught,1
MassSpecGymID0114782,MassSpecGymID0122580,0.9999204218663796,0.7794830799102783,1.0,Caught,2
MassSpecGymID0114780,MassSpecGymID0122578,0.9999204218663796,0.8469253182411194,1.0,Caught,1
MassSpecGymID0114772,MassSpecGymID0122559,0.9999204218663796,0.8144897818565369,1.0,Caught,1
MassSpecGymID0114784,MassSpecGymID0122574,0.9999204218663796,0.8404003977775574,1.0,Caught,1
MassSpecGymID0114769,MassSpecGymID0122560,0.9999204218663796,0.7316502928733826,1.0,Caught,1
MassSpecGymID0114782,MassSpecGymID0122576,0.9999204218663796,0.8208956718444824,1.0,Caught,1
MassSpecGymID0114775,MassSpecGymID0122569,0.9999204218663796,0.8574571013450623,1.0,Caught,2
MassSpecGymID0114779,MassSpecGymID0122573,0.9999204218663796,0.7764987945556641,1.0,Caught,1
MassSpecGymID0122562,MassSpecGymID0136394,0.9999204218663796,0.6768174171447754,1.0,Caught,1
MassSpecGymID0114778,MassSpecGymID0122580,0.9999204218663796,0.7098015546798706,1.0,Caught,2
MassSpecGymID0114766,MassSpecGymID0122560,0.9999204218663796,0.7360566258430481,1.0,Caught,1
MassSpecGymID0114763,MassSpecGymID0122563,0.9999204218663796,0.8379983305931091,1.0,Caught,2
MassSpecGymID0114769,MassSpecGymID0122563,0.9999204218663796,0.7039796710014343,1.0,Caught,1
MassSpecGymID0114771,MassSpecGymID0122568,0.9999204218663796,0.7266103029251099,1.0,Caught,1
MassSpecGymID0114769,MassSpecGymID0122568,0.9999204218663796,0.7079799175262451,1.0,Caught,2
MassSpecGymID0114774,MassSpecGymID0122184,0.9999204218663796,0.820602536201477,1.0,Caught,2
MassSpecGymID0114766,MassSpecGymID0122563,0.9999204218663796,0.7482753396034241,1.0,Caught,2
MassSpecGymID0114784,MassSpecGymID0122570,0.9999204218663796,0.7764869928359985,1.0,Caught,1
MassSpecGymID0114768,MassSpecGymID0122559,0.9999204218663796,0.7446973919868469,1.0,Caught,2
MassSpecGymID0114764,MassSpecGymID0122568,0.9999204218663796,0.7385119199752808,1.0,Caught,1
MassSpecGymID0114786,MassSpecGymID0122580,0.9999204218663796,0.7436018586158752,1.0,Caught,2
MassSpecGymID0114774,MassSpecGymID0122563,0.9999204218663796,0.8150510191917419,1.0,Caught,2
MassSpecGymID0114774,MassSpecGymID0122564,0.9999204218663796,0.8150510191917419,1.0,Caught,1
MassSpecGymID0114776,MassSpecGymID0122578,0.9999204218663796,0.9045010805130004,1.0,Caught,1
MassSpecGymID0114786,MassSpecGymID0122576,0.9999204218663796,0.7498589754104614,1.0,Caught,1
MassSpecGymID0114766,MassSpecGymID0122568,0.9999204218663796,0.8841911554336548,1.0,Caught,1
MassSpecGymID0114771,MassSpecGymID0122563,0.9999204218663796,0.8150510191917419,1.0,Caught,1
MassSpecGymID0114784,MassSpecGymID0122578,0.9999204218663796,0.8546029329299927,1.0,Caught,1
MassSpecGymID0114771,MassSpecGymID0122562,0.9999204218663796,0.8235771656036377,1.0,Caught,1
MassSpecGymID0122557,MassSpecGymID0136393,0.9999204218663796,0.7131075859069824,1.0,Caught,1
MassSpecGymID0114771,MassSpecGymID0122557,0.9999204218663796,0.8261083364486694,1.0,Caught,1
MassSpecGymID0114772,MassSpecGymID0122567,0.9999204218663796,0.7471480369567871,1.0,Caught,1
MassSpecGymID0114783,MassSpecGymID0122569,0.9999204218663796,0.7746003270149231,1.0,Caught,1
MassSpecGymID0114778,MassSpecGymID0122572,0.9999204218663796,0.8437482118606567,1.0,Caught,1
MassSpecGymID0114764,MassSpecGymID0122562,0.9999204218663796,0.7438443303108215,1.0,Caught,1
MassSpecGymID0122563,MassSpecGymID0136393,0.9999204218663796,0.7131075859069824,1.0,Caught,2
MassSpecGymID0114776,MassSpecGymID0122574,0.9999204218663796,0.7808771133422852,1.0,Caught,1
MassSpecGymID0114764,MassSpecGymID0122560,0.9999204218663796,0.8184560537338257,1.0,Caught,1
MassSpecGymID0114771,MassSpecGymID0122560,0.9999204218663796,0.7703128457069397,1.0,Caught,1
MassSpecGymID0122560,MassSpecGymID0136394,0.9999204218663796,0.8269901871681213,1.0,Caught,1
MassSpecGymID0114764,MassSpecGymID0122185,0.9999204218663796,0.8263213634490967,1.0,Caught,1
MassSpecGymID0114771,MassSpecGymID0122564,0.9999204218663796,0.7604402303695679,1.0,Caught,1
MassSpecGymID0114769,MassSpecGymID0122562,0.9999204218663796,0.735366702079773,1.0,Caught,1
MassSpecGymID0114780,MassSpecGymID0122570,0.9999204218663796,0.7744786739349365,1.0,Caught,1
MassSpecGymID0122568,MassSpecGymID0136393,0.9999204218663796,0.8242132663726807,1.0,Caught,1
MassSpecGymID0114780,MassSpecGymID0122574,0.9999204218663796,0.7941728234291077,1.0,Caught,2
MassSpecGymID0114772,MassSpecGymID0122558,0.9999204218663796,0.8252580165863037,1.0,Caught,1
MassSpecGymID0114776,MassSpecGymID0122570,0.9999204218663796,0.8785140514373779,1.0,Caught,1
MassSpecGymID0114763,MassSpecGymID0122557,0.9999204218663796,0.771842896938324,1.0,Caught,1
MassSpecGymID0114764,MassSpecGymID0122184,0.9999204218663796,0.8248169422149658,1.0,Caught,1
MassSpecGymID0114774,MassSpecGymID0122557,0.9999204218663796,0.8841911554336548,1.0,Caught,1
MassSpecGymID0029502,MassSpecGymID0039738,0.9983453285452312,0.8728489875793457,1.0,Caught,10
MassSpecGymID0029511,MassSpecGymID0039739,0.9983453285452312,0.6194729208946228,1.0,Caught,9
MassSpecGymID0029509,MassSpecGymID0039728,0.9983453285452312,0.6821480393409729,1.0,Caught,10
MassSpecGymID0029506,MassSpecGymID0039735,0.9983453285452312,0.7951841950416565,1.0,Caught,3
MassSpecGymID0029507,MassSpecGymID0039735,0.9983453285452312,0.7900084853172302,1.0,Caught,3
MassSpecGymID0029502,MassSpecGymID0039729,0.9983453285452312,0.6214282512664795,1.0,Caught,10
MassSpecGymID0029505,MassSpecGymID0039737,0.9983453285452312,0.3545416891574859,1.0,Missed,10
MassSpecGymID0029507,MassSpecGymID0039734,0.9983453285452312,0.4990490972995758,1.0,Missed,3
MassSpecGymID0029510,MassSpecGymID0039729,0.9983453285452312,0.356594830751419,1.0,Missed,10
MassSpecGymID0029506,MassSpecGymID0039734,0.9983453285452312,0.9334694147109984,1.0,Caught,3
MassSpecGymID0029510,MassSpecGymID0039738,0.9983453285452312,0.7282876968383789,1.0,Caught,10
MassSpecGymID0029501,MassSpecGymID0039732,0.9983453285452312,0.6809679269790649,1.0,Caught,9
MassSpecGymID0029501,MassSpecGymID0039739,0.9983453285452312,0.6194729208946228,1.0,Caught,9
MassSpecGymID0029505,MassSpecGymID0039728,0.9983453285452312,0.5320931673049927,1.0,Caught,10
MassSpecGymID0029509,MassSpecGymID0039737,0.9983453285452312,0.9042259454727172,1.0,Caught,10
MassSpecGymID0029511,MassSpecGymID0039732,0.9983453285452312,0.8796141147613525,1.0,Caught,9
MassSpecGymID0005537,MassSpecGymID0060731,0.0019614964615425,0.8465814590454102,1.0,Caught,0
MassSpecGymID0005552,MassSpecGymID0060729,0.0019614964615425,0.3488810956478119,1.0,Missed,0
MassSpecGymID0005549,MassSpecGymID0060719,0.0019614964615425,0.1537942886352539,1.0,Missed,0
MassSpecGymID0005541,MassSpecGymID0060727,0.0019614964615425,0.8765466809272766,1.0,Caught,0
MassSpecGymID0005839,MassSpecGymID0008637,0.0031632672587338,0.481332004070282,1.0,Missed,1
MassSpecGymID0222233,MassSpecGymID0227728,0.9966403349232686,0.4097611308097839,1.0,Missed,0
MassSpecGymID0222232,MassSpecGymID0227730,0.9966403349232686,0.2621001899242401,1.0,Missed,0
MassSpecGymID0222234,MassSpecGymID0227731,0.9966403349232686,0.3720329105854034,1.0,Missed,0
MassSpecGymID0075032,MassSpecGymID0078912,0.0033950512467556,0.35213702917099,1.0,Missed,0
MassSpecGymID0075033,MassSpecGymID0078907,0.0033950512467556,0.8681865930557251,1.0,Caught,0
MassSpecGymID0075035,MassSpecGymID0078915,0.0033950512467556,0.5072150826454163,1.0,Caught,0
MassSpecGymID0075032,MassSpecGymID0078909,0.0033950512467556,0.6073306798934937,1.0,Caught,0
MassSpecGymID0075028,MassSpecGymID0078908,0.0033950512467556,0.6615819931030273,1.0,Caught,0
MassSpecGymID0075021,MassSpecGymID0078917,0.0033950512467556,0.5529956817626953,1.0,Caught,0
MassSpecGymID0075021,MassSpecGymID0078910,0.0033950512467556,0.4859889149665832,1.0,Missed,0
MassSpecGymID0075034,MassSpecGymID0078914,0.0033950512467556,0.3569583296775818,1.0,Missed,0
MassSpecGymID0075020,MassSpecGymID0078911,0.0033950512467556,0.8155001401901245,1.0,Caught,1
MassSpecGymID0075036,MassSpecGymID0078911,0.0033950512467556,0.4533153474330902,1.0,Missed,1
MassSpecGymID0075025,MassSpecGymID0078906,0.0033950512467556,0.574694037437439,1.0,Caught,0
MassSpecGymID0075028,MassSpecGymID0078914,0.0033950512467556,0.7982345223426819,1.0,Caught,0
MassSpecGymID0075034,MassSpecGymID0078908,0.0033950512467556,0.6734787225723267,1.0,Caught,0
MassSpecGymID0206485,MassSpecGymID0213141,0.0034158647676757,0.310572862625122,1.0,Missed,0
MassSpecGymID0002934,MassSpecGymID0003941,0.9955922125190112,0.6403059959411621,1.0,Caught,7
MassSpecGymID0002931,MassSpecGymID0003946,0.9955922125190112,0.9043911695480348,1.0,Caught,7
MassSpecGymID0002930,MassSpecGymID0003945,0.9955922125190112,0.9010797142982484,1.0,Caught,6
MassSpecGymID0002935,MassSpecGymID0003944,0.9955922125190112,0.7241424918174744,1.0,Caught,3
MassSpecGymID0002932,MassSpecGymID0003947,0.9955922125190112,0.8408195972442627,1.0,Caught,8
MassSpecGymID0215945,MassSpecGymID0217648,0.9953542284051176,0.9354615211486816,1.0,Caught,8
MassSpecGymID0215944,MassSpecGymID0217647,0.9953542284051176,0.9282041788101196,1.0,Caught,8
MassSpecGymID0215946,MassSpecGymID0217649,0.9953542284051176,0.9497802257537842,1.0,Caught,7
MassSpecGymID0029502,MassSpecGymID0067624,0.9949583808459443,0.171436607837677,1.0,Missed,1
MassSpecGymID0029510,MassSpecGymID0067621,0.9949583808459443,0.1856769323348999,1.0,Missed,1
MassSpecGymID0039738,MassSpecGymID0067621,0.9946621065814952,0.1375899463891983,1.0,Missed,1
MassSpecGymID0230063,MassSpecGymID0236285,0.9933930747887996,0.3226601183414459,1.0,Missed,3
MassSpecGymID0211759,MassSpecGymID0236826,0.0093137721006353,0.8112220764160156,1.0,Caught,0
MassSpecGymID0141586,MassSpecGymID0141635,0.9905915447152068,0.6254674196243286,1.0,Caught,4
MassSpecGymID0141585,MassSpecGymID0141635,0.9905915447152068,0.5693161487579346,1.0,Caught,4
MassSpecGymID0141586,MassSpecGymID0141634,0.9905915447152068,0.53825443983078,1.0,Caught,4
MassSpecGymID0141585,MassSpecGymID0141634,0.9905915447152068,0.5433000326156616,1.0,Caught,4
MassSpecGymID0225313,MassSpecGymID0228871,0.9903403348681652,0.9458641409873962,1.0,Caught,1
MassSpecGymID0221619,MassSpecGymID0233758,0.009672716325023,0.3388882577419281,1.0,Missed,0
MassSpecGymID0232805,MassSpecGymID0238198,0.9899299187502384,0.5451092720031738,1.0,Caught,0
MassSpecGymID0216872,MassSpecGymID0224849,0.9889368368288722,0.5631513595581055,1.0,Caught,0
MassSpecGymID0067786,MassSpecGymID0068433,0.9824807677949664,0.6866244673728943,1.0,Caught,2
MassSpecGymID0067783,MassSpecGymID0068435,0.9824807677949664,0.642397403717041,1.0,Caught,2
MassSpecGymID0067786,MassSpecGymID0068435,0.9824807677949664,0.7278551459312439,1.0,Caught,2
MassSpecGymID0067786,MassSpecGymID0068432,0.9824807677949664,0.7557341456413269,1.0,Caught,1
MassSpecGymID0067783,MassSpecGymID0068433,0.9824807677949664,0.8138700127601624,1.0,Caught,2
MassSpecGymID0067783,MassSpecGymID0068432,0.9824807677949664,0.8179671168327332,1.0,Caught,1
MassSpecGymID0067786,MassSpecGymID0068434,0.9824807677949664,0.8138700127601624,1.0,Caught,1
MassSpecGymID0067783,MassSpecGymID0068434,0.9824807677949664,0.8138700127601624,1.0,Caught,1
MassSpecGymID0049399,MassSpecGymID0052620,0.0178996664394789,0.086769089102745,1.0,Missed,0
MassSpecGymID0049402,MassSpecGymID0052629,0.0178996664394789,0.0939460322260856,1.0,Missed,0
MassSpecGymID0216256,MassSpecGymID0217468,0.9817627782234468,0.924058437347412,1.0,Caught,7
MassSpecGymID0216257,MassSpecGymID0217469,0.9817627782234468,0.8786600828170776,1.0,Caught,10
MassSpecGymID0216255,MassSpecGymID0217467,0.9817627782234468,0.3822085559368133,1.0,Missed,9
MassSpecGymID0234321,MassSpecGymID0234863,0.0225232635087916,0.2766430974006653,1.0,Missed,0
MassSpecGymID0224022,MassSpecGymID0230824,0.0228433549285558,0.6603116393089294,1.0,Caught,1
MassSpecGymID0224050,MassSpecGymID0228311,0.0228433549285558,0.4901657402515411,1.0,Missed,1
MassSpecGymID0216684,MassSpecGymID0216918,0.974753968815552,0.9525735974311828,1.0,Caught,9
MassSpecGymID0216686,MassSpecGymID0216920,0.974753968815552,0.9265844225883484,1.0,Caught,9
MassSpecGymID0216685,MassSpecGymID0216919,0.974753968815552,0.9526403546333312,1.0,Caught,8
MassSpecGymID0020225,MassSpecGymID0021850,0.0261964560031565,0.3659510016441345,1.0,Missed,0
MassSpecGymID0020228,MassSpecGymID0021853,0.0261964560031565,0.4638261795043945,1.0,Missed,0
MassSpecGymID0208156,MassSpecGymID0229825,0.0263105578295731,0.6204835772514343,1.0,Caught,0
MassSpecGymID0191883,MassSpecGymID0237459,0.0303480530430752,0.3465550243854522,1.0,Missed,0
MassSpecGymID0078835,MassSpecGymID0079018,0.0314935348347641,0.7975368499755859,1.0,Caught,0
MassSpecGymID0078834,MassSpecGymID0079014,0.0314935348347641,0.9248562455177308,1.0,Caught,0
MassSpecGymID0234615,MassSpecGymID0238198,0.9677999317820408,0.3033744692802429,1.0,Missed,0
MassSpecGymID0049408,MassSpecGymID0053185,0.0324828868619579,0.7573797106742859,1.0,Caught,0
MassSpecGymID0049402,MassSpecGymID0053187,0.0324828868619579,0.831935465335846,1.0,Caught,0
MassSpecGymID0049403,MassSpecGymID0053192,0.0324828868619579,0.4797964096069336,1.0,Missed,0
MassSpecGymID0049412,MassSpecGymID0053190,0.0324828868619579,0.6491732001304626,1.0,Caught,0
MassSpecGymID0049413,MassSpecGymID0053188,0.0324828868619579,0.7534172534942627,1.0,Caught,0
MassSpecGymID0049399,MassSpecGymID0053189,0.0324828868619579,0.831179678440094,1.0,Caught,0
MassSpecGymID0049401,MassSpecGymID0053195,0.0324828868619579,0.6737593412399292,1.0,Caught,2
MassSpecGymID0049406,MassSpecGymID0053186,0.0324828868619579,0.3837524354457855,1.0,Missed,1
MassSpecGymID0049409,MassSpecGymID0053183,0.0324828868619579,0.3756164610385895,1.0,Missed,0
MassSpecGymID0049401,MassSpecGymID0053186,0.0324828868619579,0.6709460020065308,1.0,Caught,2
MassSpecGymID0049405,MassSpecGymID0053184,0.0324828868619579,0.8135592937469482,1.0,Caught,1
MassSpecGymID0049400,MassSpecGymID0053191,0.0324828868619579,0.3182294964790344,1.0,Missed,0
MassSpecGymID0216159,MassSpecGymID0218258,0.9654017380881436,0.9110751748085022,1.0,Caught,4
MassSpecGymID0216160,MassSpecGymID0218259,0.9654017380881436,0.9474671483039856,1.0,Caught,4
MassSpecGymID0233424,MassSpecGymID0238534,0.0349743125535896,0.0592737831175327,1.0,Missed,0
MassSpecGymID0232803,MassSpecGymID0234613,0.9649333965885332,0.6818321347236633,1.0,Caught,0
MassSpecGymID0232805,MassSpecGymID0234615,0.9649333965885332,0.7086049318313599,1.0,Caught,0
MassSpecGymID0232804,MassSpecGymID0234614,0.9649333965885332,0.5094747543334961,1.0,Caught,0
MassSpecGymID0060728,MassSpecGymID0064545,0.0354518144907241,0.3612395524978637,1.0,Missed,0
MassSpecGymID0227096,MassSpecGymID0227553,0.9635663986131404,0.7175964117050171,1.0,Caught,2
MassSpecGymID0227095,MassSpecGymID0227554,0.9635663986131404,0.6821045875549316,1.0,Caught,3
MassSpecGymID0207468,MassSpecGymID0224849,0.9614218623243352,0.4648654758930206,1.0,Missed,0
MassSpecGymID0208819,MassSpecGymID0214719,0.0386197221842699,0.2081924378871917,1.0,Missed,0
MassSpecGymID0217000,MassSpecGymID0217114,0.9612941889917742,0.9019372463226318,1.0,Caught,0
MassSpecGymID0214012,MassSpecGymID0237454,0.0394676817547187,0.4689019918441772,1.0,Missed,0
MassSpecGymID0052629,MassSpecGymID0059269,0.0411156815274744,0.3013031184673309,1.0,Missed,0
MassSpecGymID0217570,MassSpecGymID0218317,0.958266185965686,0.4745003283023834,1.0,Missed,2
MassSpecGymID0227731,MassSpecGymID0230735,0.9577263823768108,0.3226663470268249,1.0,Missed,0
MassSpecGymID0227729,MassSpecGymID0230734,0.9577263823768108,0.2013009488582611,1.0,Missed,0
MassSpecGymID0227730,MassSpecGymID0230733,0.9577263823768108,0.1871930360794067,1.0,Missed,0
MassSpecGymID0207468,MassSpecGymID0216872,0.9574802597893124,0.8575061559677124,1.0,Caught,0
MassSpecGymID0219363,MassSpecGymID0231059,0.0436548961857423,0.4658862054347992,1.0,Missed,0
MassSpecGymID0227730,MassSpecGymID0234032,0.9537556337206704,0.2883808016777038,1.0,Missed,0
MassSpecGymID0117888,MassSpecGymID0119389,0.0478701505863191,0.6078156232833862,1.0,Caught,0
MassSpecGymID0117877,MassSpecGymID0119387,0.0478701505863191,0.6657716035842896,1.0,Caught,0
MassSpecGymID0170138,MassSpecGymID0170176,0.0478701505863191,0.6606082320213318,1.0,Caught,0
MassSpecGymID0170134,MassSpecGymID0170172,0.0478701505863191,0.673566997051239,1.0,Caught,0
MassSpecGymID0170142,MassSpecGymID0170176,0.0478701505863191,0.673566997051239,1.0,Caught,0
MassSpecGymID0117888,MassSpecGymID0119387,0.0478701505863191,0.6858453750610352,1.0,Caught,0
MassSpecGymID0170138,MassSpecGymID0170172,0.0478701505863191,0.6941508650779724,1.0,Caught,0
MassSpecGymID0222234,MassSpecGymID0230735,0.952058313457653,0.4809101521968841,1.0,Missed,0
MassSpecGymID0218686,MassSpecGymID0218733,0.951688135540907,0.8748049736022949,1.0,Caught,1
MassSpecGymID0218687,MassSpecGymID0218734,0.951688135540907,0.9156434535980223,1.0,Caught,1
MassSpecGymID0182478,MassSpecGymID0237517,0.0493812937675115,0.6039699912071228,1.0,Caught,0
MassSpecGymID0220854,MassSpecGymID0237311,0.9488782722784588,0.5616214871406555,1.0,Caught,0
MassSpecGymID0220853,MassSpecGymID0237310,0.9488782722784588,0.4976051747798919,1.0,Missed,0
MassSpecGymID0220852,MassSpecGymID0237309,0.9488782722784588,0.3593370616436004,1.0,Missed,0
MassSpecGymID0021844,MassSpecGymID0023743,0.9464467859218868,0.6692584156990051,1.0,Caught,0
MassSpecGymID0021863,MassSpecGymID0023743,0.9464467859218868,0.7120128870010376,1.0,Caught,0
MassSpecGymID0021846,MassSpecGymID0023743,0.9464467859218868,0.7516217231750488,1.0,Caught,0
MassSpecGymID0021840,MassSpecGymID0023785,0.9464467859218868,0.5387460589408875,1.0,Caught,1
MassSpecGymID0021843,MassSpecGymID0023778,0.9464467859218868,0.7903311252593994,1.0,Caught,0
MassSpecGymID0021840,MassSpecGymID0023746,0.9464467859218868,0.7572197914123535,1.0,Caught,1
MassSpecGymID0021862,MassSpecGymID0023778,0.9464467859218868,0.7556806206703186,1.0,Caught,0
MassSpecGymID0021844,MassSpecGymID0023739,0.9464467859218868,0.7325525283813477,1.0,Caught,0
MassSpecGymID0021863,MassSpecGymID0023779,0.9464467859218868,0.7902501225471497,1.0,Caught,0
MassSpecGymID0021844,MassSpecGymID0023784,0.9464467859218868,0.7681490182876587,1.0,Caught,0
MassSpecGymID0053183,MassSpecGymID0059264,0.0549221652715873,0.2060565799474716,1.0,Missed,0
MassSpecGymID0053190,MassSpecGymID0059260,0.0549221652715873,0.7578460574150085,1.0,Caught,0
MassSpecGymID0053185,MassSpecGymID0059259,0.0549221652715873,0.2744519412517547,1.0,Missed,0
MassSpecGymID0053193,MassSpecGymID0059270,0.0549221652715873,0.322412371635437,1.0,Missed,0
MassSpecGymID0206351,MassSpecGymID0221529,0.9435533161542324,0.4652765691280365,1.0,Missed,4
MassSpecGymID0216158,MassSpecGymID0217702,0.9397924517699876,0.9242883324623108,1.0,Caught,1
MassSpecGymID0005541,MassSpecGymID0059267,0.0638693691842588,0.2437965720891952,1.0,Missed,0
MassSpecGymID0211603,MassSpecGymID0211607,0.0642438960276954,0.417959988117218,1.0,Missed,10
MassSpecGymID0211602,MassSpecGymID0211606,0.0642438960276954,0.1636291146278381,1.0,Missed,10
MassSpecGymID0211600,MassSpecGymID0211604,0.0642438960276954,0.3581856787204742,1.0,Missed,10
MassSpecGymID0211601,MassSpecGymID0211605,0.0642438960276954,0.3062965273857116,1.0,Missed,10
MassSpecGymID0216159,MassSpecGymID0217667,0.9334850979935232,0.952987551689148,1.0,Caught,2
MassSpecGymID0228048,MassSpecGymID0231721,0.93276549245313,0.8477869629859924,1.0,Caught,2
MassSpecGymID0217114,MassSpecGymID0217265,0.9326803106021898,0.7299332022666931,1.0,Caught,0
MassSpecGymID0227502,MassSpecGymID0234034,0.9315871076856524,0.8074036836624146,1.0,Caught,0
MassSpecGymID0227500,MassSpecGymID0234032,0.9315871076856524,0.7728067636489868,1.0,Caught,0
MassSpecGymID0222569,MassSpecGymID0222667,0.0705275209548502,0.751776933670044,1.0,Caught,0
MassSpecGymID0216240,MassSpecGymID0217847,0.9290210825958266,0.9445974230766296,1.0,Caught,10
MassSpecGymID0216242,MassSpecGymID0217849,0.9290210825958266,0.9517408013343812,1.0,Caught,10
MassSpecGymID0216241,MassSpecGymID0217848,0.9290210825958266,0.9499304890632628,1.0,Caught,10
MassSpecGymID0004894,MassSpecGymID0005547,0.9275466018057328,0.6603376865386963,1.0,Caught,1
MassSpecGymID0004898,MassSpecGymID0005546,0.9275466018057328,0.8889678120613098,1.0,Caught,0
MassSpecGymID0004904,MassSpecGymID0005538,0.9275466018057328,0.564882218837738,1.0,Caught,0
MassSpecGymID0004905,MassSpecGymID0005536,0.9275466018057328,0.8303583264350891,1.0,Caught,0
MassSpecGymID0004901,MassSpecGymID0005549,0.9275466018057328,0.8876150846481323,1.0,Caught,0
MassSpecGymID0004900,MassSpecGymID0005544,0.9275466018057328,0.8948023915290833,1.0,Caught,0
MassSpecGymID0004897,MassSpecGymID0005540,0.9275466018057328,0.8851233720779419,1.0,Caught,0
MassSpecGymID0004889,MassSpecGymID0005537,0.9275466018057328,0.8842528462409973,1.0,Caught,0
MassSpecGymID0004892,MassSpecGymID0005552,0.9275466018057328,0.9003024101257324,1.0,Caught,0
MassSpecGymID0004890,MassSpecGymID0005541,0.9275466018057328,0.7602871656417847,1.0,Caught,0
MassSpecGymID0004895,MassSpecGymID0005542,0.9275466018057328,0.7485315799713135,1.0,Caught,0
MassSpecGymID0018680,MassSpecGymID0021843,0.9261669480344148,0.769744873046875,1.0,Caught,0
MassSpecGymID0018677,MassSpecGymID0021844,0.9261669480344148,0.79938805103302,1.0,Caught,0
MassSpecGymID0018679,MassSpecGymID0021864,0.9261669480344148,0.7206548452377319,1.0,Caught,0
MassSpecGymID0018695,MassSpecGymID0021840,0.9261669480344148,0.799130380153656,1.0,Caught,0
MassSpecGymID0018677,MassSpecGymID0021863,0.9261669480344148,0.7556309103965759,1.0,Caught,0
MassSpecGymID0018695,MassSpecGymID0021864,0.9261669480344148,0.7518959641456604,1.0,Caught,0
MassSpecGymID0018694,MassSpecGymID0021855,0.9261669480344148,0.7944797277450562,1.0,Caught,0
MassSpecGymID0018693,MassSpecGymID0021862,0.9261669480344148,0.7091176509857178,1.0,Caught,0
MassSpecGymID0018693,MassSpecGymID0021843,0.9261669480344148,0.7591569423675537,1.0,Caught,0
MassSpecGymID0018694,MassSpecGymID0021844,0.9261669480344148,0.781806468963623,1.0,Caught,0
MassSpecGymID0018680,MassSpecGymID0021856,0.9261669480344148,0.7478736042976379,1.0,Caught,0
MassSpecGymID0018679,MassSpecGymID0021840,0.9261669480344148,0.7612892389297485,1.0,Caught,0
MassSpecGymID0018694,MassSpecGymID0021863,0.9261669480344148,0.7803090810775757,1.0,Caught,0
MassSpecGymID0018680,MassSpecGymID0021862,0.9261669480344148,0.7736889123916626,1.0,Caught,0
MassSpecGymID0018694,MassSpecGymID0021846,0.9261669480344148,0.6807103753089905,1.0,Caught,0
MassSpecGymID0005838,MassSpecGymID0059267,0.0746929096916457,0.7740623354911804,1.0,Caught,0
MassSpecGymID0222307,MassSpecGymID0224291,0.9244347840678346,0.8634070158004761,1.0,Caught,1
MassSpecGymID0216329,MassSpecGymID0218717,0.923126416600783,0.450836181640625,1.0,Missed,0
MassSpecGymID0216330,MassSpecGymID0218718,0.923126416600783,0.4292841851711273,1.0,Missed,1
MassSpecGymID0216328,MassSpecGymID0218716,0.923126416600783,0.4451180696487427,1.0,Missed,1
MassSpecGymID0210486,MassSpecGymID0213559,0.9214025738614484,0.8112121224403381,1.0,Caught,0
MassSpecGymID0231278,MassSpecGymID0238593,0.9208212195320404,0.4905737936496734,1.0,Missed,0
MassSpecGymID0231280,MassSpecGymID0238594,0.9208212195320404,0.6417991518974304,1.0,Caught,0
MassSpecGymID0004786,MassSpecGymID0141859,0.0800159886014602,0.1922679096460342,1.0,Missed,0
MassSpecGymID0221715,MassSpecGymID0231105,0.9199326076430672,0.2955175340175628,1.0,Missed,0
MassSpecGymID0003031,MassSpecGymID0049401,0.0814916501143403,0.4651684463024139,1.0,Missed,0
MassSpecGymID0182478,MassSpecGymID0234596,0.9171401112902288,0.9549400806427002,1.0,Caught,1
MassSpecGymID0182477,MassSpecGymID0234595,0.9171401112902288,0.9394924640655518,1.0,Caught,1
MassSpecGymID0182479,MassSpecGymID0234597,0.9171401112902288,0.945008397102356,1.0,Caught,1
MassSpecGymID0223776,MassSpecGymID0237811,0.0846237516777741,0.330777645111084,1.0,Missed,0
MassSpecGymID0223781,MassSpecGymID0237813,0.0846237516777741,0.4674941301345825,1.0,Missed,0
MassSpecGymID0223779,MassSpecGymID0237811,0.0846237516777741,0.3379095792770386,1.0,Missed,0
MassSpecGymID0212470,MassSpecGymID0215828,0.9123970694754896,0.3106132447719574,1.0,Missed,0
MassSpecGymID0081161,MassSpecGymID0143688,0.911312191387765,0.3847851157188415,1.0,Missed,1
MassSpecGymID0081162,MassSpecGymID0143689,0.911312191387765,0.5771370530128479,1.0,Caught,1
MassSpecGymID0081162,MassSpecGymID0143692,0.911312191387765,0.5391532778739929,1.0,Caught,1
MassSpecGymID0221715,MassSpecGymID0237388,0.905620763898953,0.6404841542243958,1.0,Caught,0
MassSpecGymID0215834,MassSpecGymID0218867,0.8975273256782051,0.8123076558113098,1.0,Caught,4
MassSpecGymID0224088,MassSpecGymID0236159,0.1046707697811401,0.8959431052207947,1.0,Caught,9
MassSpecGymID0212470,MassSpecGymID0218168,0.8926599020283209,0.3100015521049499,1.0,Missed,0
MassSpecGymID0204450,MassSpecGymID0206486,0.1079506782178921,0.4460696876049042,1.0,Missed,0
MassSpecGymID0231105,MassSpecGymID0232886,0.8909640025784462,0.6868594884872437,1.0,Caught,0
MassSpecGymID0000291,MassSpecGymID0000504,0.1107263977087076,0.9024341106414796,1.0,Caught,2
MassSpecGymID0000295,MassSpecGymID0000503,0.1107263977087076,0.6869930624961853,1.0,Caught,3
MassSpecGymID0000300,MassSpecGymID0000496,0.1107263977087076,0.8661100268363953,1.0,Caught,1
MassSpecGymID0000304,MassSpecGymID0000502,0.1107263977087076,0.5684815645217896,1.0,Caught,2
MassSpecGymID0000298,MassSpecGymID0000496,0.1107263977087076,0.9024339318275452,1.0,Caught,1
MassSpecGymID0000305,MassSpecGymID0000499,0.1107263977087076,0.8857259750366211,1.0,Caught,1
MassSpecGymID0000299,MassSpecGymID0000501,0.1107263977087076,0.869551420211792,1.0,Caught,2
MassSpecGymID0000295,MassSpecGymID0000508,0.1107263977087076,0.544398844242096,1.0,Caught,3
MassSpecGymID0000303,MassSpecGymID0000503,0.1107263977087076,0.3541634976863861,1.0,Missed,3
MassSpecGymID0000297,MassSpecGymID0000499,0.1107263977087076,0.8719873428344727,1.0,Caught,1
MassSpecGymID0000294,MassSpecGymID0000509,0.1107263977087076,0.6156439781188965,1.0,Caught,2
MassSpecGymID0222803,MassSpecGymID0229083,0.8877516750878811,0.1985358148813247,1.0,Missed,0
MassSpecGymID0052629,MassSpecGymID0060720,0.1131019028303164,0.5717036128044128,1.0,Caught,0
MassSpecGymID0190070,MassSpecGymID0193254,0.8852768375622948,0.9125444889068604,1.0,Caught,6
MassSpecGymID0190073,MassSpecGymID0193257,0.8852768375622948,0.9117885828018188,1.0,Caught,7
MassSpecGymID0190069,MassSpecGymID0193253,0.8852768375622948,0.5858534574508667,1.0,Caught,4
MassSpecGymID0207862,MassSpecGymID0217330,0.8846436393884598,0.3239419162273407,1.0,Missed,0
MassSpecGymID0217497,MassSpecGymID0221715,0.8824297740297794,0.3000830113887787,1.0,Missed,0
MassSpecGymID0213012,MassSpecGymID0225623,0.8811886837677344,0.3167597949504852,1.0,Missed,1
MassSpecGymID0213013,MassSpecGymID0225626,0.8811886837677344,0.3518191277980804,1.0,Missed,1
MassSpecGymID0207856,MassSpecGymID0230733,0.8800151060435576,0.2927140593528747,1.0,Missed,0
MassSpecGymID0207857,MassSpecGymID0230734,0.8800151060435576,0.4771293699741363,1.0,Missed,0
MassSpecGymID0215834,MassSpecGymID0217265,0.8788642911423329,0.3685042858123779,1.0,Missed,0
MassSpecGymID0204304,MassSpecGymID0207597,0.1212642262522882,0.0949537977576255,1.0,Missed,0
MassSpecGymID0215771,MassSpecGymID0217518,0.1230512773212315,0.6570996642112732,1.0,Caught,1
MassSpecGymID0005447,MassSpecGymID0008632,0.8762726450544929,0.772873044013977,1.0,Caught,8
MassSpecGymID0005443,MassSpecGymID0008635,0.8762726450544929,0.7049301266670227,1.0,Caught,9
MassSpecGymID0005463,MassSpecGymID0008632,0.8762726450544929,0.7446033358573914,1.0,Caught,4
MassSpecGymID0005452,MassSpecGymID0008633,0.8762726450544929,0.655319094657898,1.0,Caught,9
MassSpecGymID0005448,MassSpecGymID0008637,0.8762726450544929,0.6624352335929871,1.0,Caught,7
MassSpecGymID0005462,MassSpecGymID0008634,0.8762726450544929,0.7477462291717529,1.0,Caught,7
MassSpecGymID0005444,MassSpecGymID0008629,0.8762726450544929,0.5959885716438293,1.0,Caught,6
MassSpecGymID0005470,MassSpecGymID0008629,0.8762726450544929,0.7568482756614685,1.0,Caught,5
MassSpecGymID0005445,MassSpecGymID0008634,0.8762726450544929,0.6363702416419983,1.0,Caught,7
MassSpecGymID0005446,MassSpecGymID0008631,0.8762726450544929,0.768498957157135,1.0,Caught,8
MassSpecGymID0005449,MassSpecGymID0008630,0.8762726450544929,0.7531572580337524,1.0,Caught,8
MassSpecGymID0005451,MassSpecGymID0008636,0.8762726450544929,0.784467339515686,1.0,Caught,6
MassSpecGymID0005453,MassSpecGymID0008639,0.8762726450544929,0.7467408776283264,1.0,Caught,8
MassSpecGymID0005450,MassSpecGymID0008628,0.8762726450544929,0.6934910416603088,1.0,Caught,9
MassSpecGymID0005442,MassSpecGymID0008638,0.8762726450544929,0.7172950506210327,1.0,Caught,8
MassSpecGymID0063574,MassSpecGymID0064546,0.8714299183357624,0.8333910703659058,1.0,Caught,1
MassSpecGymID0063575,MassSpecGymID0064546,0.8714299183357624,0.7081519365310669,1.0,Caught,1
MassSpecGymID0004792,MassSpecGymID0059258,0.1293716235459567,0.7001888155937195,1.0,Caught,0
MassSpecGymID0004779,MassSpecGymID0059258,0.1293716235459567,0.730638325214386,1.0,Caught,0
MassSpecGymID0018695,MassSpecGymID0023746,0.8686162552139625,0.7834810614585876,1.0,Caught,0
MassSpecGymID0018693,MassSpecGymID0023778,0.8686162552139625,0.7146956324577332,1.0,Caught,0
MassSpecGymID0018693,MassSpecGymID0023738,0.8686162552139625,0.7063015699386597,1.0,Caught,0
MassSpecGymID0018679,MassSpecGymID0023746,0.8686162552139625,0.7373273372650146,1.0,Caught,0
MassSpecGymID0018679,MassSpecGymID0023785,0.8686162552139625,0.7699694037437439,1.0,Caught,0
MassSpecGymID0018679,MassSpecGymID0023747,0.8686162552139625,0.723775327205658,1.0,Caught,0
MassSpecGymID0018693,MassSpecGymID0023783,0.8686162552139625,0.6869763731956482,1.0,Caught,0
MassSpecGymID0018679,MassSpecGymID0023780,0.8686162552139625,0.7457614541053772,1.0,Caught,0
MassSpecGymID0217497,MassSpecGymID0231641,0.8677766195719663,0.9052109718322754,1.0,Caught,0
MassSpecGymID0228246,MassSpecGymID0234034,0.1349990580974938,0.1097046583890914,1.0,Missed,0
MassSpecGymID0215836,MassSpecGymID0217116,0.8634821304632972,0.9360352754592896,1.0,Caught,8
MassSpecGymID0215835,MassSpecGymID0217115,0.8634821304632972,0.9537842869758606,1.0,Caught,8
MassSpecGymID0215834,MassSpecGymID0220852,0.8614071323953958,0.1777779310941696,1.0,Missed,0
MassSpecGymID0208793,MassSpecGymID0231119,0.1394909871091834,0.226633533835411,1.0,Missed,0
MassSpecGymID0208796,MassSpecGymID0231122,0.1394909871091834,0.3901639580726623,1.0,Missed,0
MassSpecGymID0004794,MassSpecGymID0005443,0.8598915826428585,0.5691696405410767,1.0,Caught,8
MassSpecGymID0004787,MassSpecGymID0005445,0.8598915826428585,0.3882574439048767,1.0,Missed,7
MassSpecGymID0004783,MassSpecGymID0005453,0.8598915826428585,0.5526578426361084,1.0,Caught,8
MassSpecGymID0004786,MassSpecGymID0005447,0.8598915826428585,0.5028799176216125,1.0,Caught,6
MassSpecGymID0004792,MassSpecGymID0005450,0.8598915826428585,0.5408907532691956,1.0,Caught,2
MassSpecGymID0004788,MassSpecGymID0005448,0.8598915826428585,0.3940377533435821,1.0,Missed,6
MassSpecGymID0004782,MassSpecGymID0005452,0.8598915826428585,0.571867823600769,1.0,Caught,7
MassSpecGymID0004785,MassSpecGymID0005443,0.8598915826428585,0.5416705012321472,1.0,Caught,7
MassSpecGymID0004786,MassSpecGymID0005463,0.8598915826428585,0.5372991561889648,1.0,Caught,4
MassSpecGymID0004779,MassSpecGymID0005450,0.8598915826428585,0.543821394443512,1.0,Caught,6
MassSpecGymID0004793,MassSpecGymID0005470,0.8598915826428585,0.5086193084716797,1.0,Caught,5
MassSpecGymID0004790,MassSpecGymID0005449,0.8598915826428585,0.6142279505729675,1.0,Caught,7
MassSpecGymID0004784,MassSpecGymID0005444,0.8598915826428585,0.6213200092315674,1.0,Caught,6
MassSpecGymID0004780,MassSpecGymID0005451,0.8598915826428585,0.542499303817749,1.0,Caught,4
MassSpecGymID0004787,MassSpecGymID0005462,0.8598915826428585,0.5367757678031921,1.0,Caught,7
MassSpecGymID0216291,MassSpecGymID0216763,0.1407395244095787,0.9108985662460328,1.0,Caught,0
MassSpecGymID0232298,MassSpecGymID0234034,0.1440734581609878,0.1931211799383163,1.0,Missed,0
MassSpecGymID0217267,MassSpecGymID0237311,0.855603015826461,0.6619137525558472,1.0,Caught,1
MassSpecGymID0217265,MassSpecGymID0237309,0.855603015826461,0.6971094012260437,1.0,Caught,0
MassSpecGymID0215580,MassSpecGymID0239027,0.8549381656785775,0.5897806286811829,1.0,Caught,0
MassSpecGymID0207853,MassSpecGymID0215834,0.8542921315125823,0.4908026158809662,1.0,Missed,0
MassSpecGymID0228244,MassSpecGymID0232296,0.8534921802422333,0.1049316599965095,1.0,Missed,0
MassSpecGymID0228246,MassSpecGymID0232298,0.8534921802422333,0.0854770541191101,1.0,Missed,1
MassSpecGymID0207597,MassSpecGymID0209327,0.1465164094726512,0.113272987306118,1.0,Missed,0
MassSpecGymID0204364,MassSpecGymID0210486,0.8533162236818723,0.8052433133125305,1.0,Caught,0
MassSpecGymID0216684,MassSpecGymID0237309,0.8530911297389677,0.5783425569534302,1.0,Caught,0
MassSpecGymID0231105,MassSpecGymID0231641,0.8530408800612962,0.2208865880966186,1.0,Missed,0
MassSpecGymID0219466,MassSpecGymID0224466,0.8523800982725536,0.8790642023086548,1.0,Caught,0
MassSpecGymID0219454,MassSpecGymID0224466,0.8523800982725536,0.9196613430976868,1.0,Caught,0
